[     546ms] [WARNING] <link rel=preload> uses an unsupported `as` value @ http://localhost:3000/en:0
[     672ms] [INFO] %cDownload the React DevTools for a better development experience: https://react.dev/link/react-devtools font-weight:bold @ http://localhost:3000/_next/static/chunks/node_modules_next_dist_115brz8._.js:2477
[     747ms] [LOG] [HMR] connected @ http://localhost:3000/_next/static/chunks/node_modules_next_dist_115brz8._.js:2477
[     998ms] [WARNING] Please ensure that the container has a non-static position, like 'relative', 'fixed', or 'absolute' to ensure scroll offset is calculated correctly. @ http://localhost:3000/_next/static/chunks/node_modules_next_dist_115brz8._.js:2477
[    1124ms] [LOG] [Fast Refresh] rebuilding @ http://localhost:3000/_next/static/chunks/node_modules_next_dist_115brz8._.js:2477
[    1246ms] [LOG] [Fast Refresh] done in 238ms @ http://localhost:3000/_next/static/chunks/node_modules_next_dist_115brz8._.js:2477
[    4333ms] [WARNING] The resource http://localhost:3000/HeroImages/ezgif-frame-001.jpg was preloaded using link preload but not used within a few seconds from the window's load event. Please make sure it has an appropriate `as` value and it is preloaded intentionally. @ http://localhost:3000/en:0
[   74052ms] [WARNING] <link rel=preload> uses an unsupported `as` value @ http://localhost:3000/en:0
[   74085ms] [INFO] %cDownload the React DevTools for a better development experience: https://react.dev/link/react-devtools font-weight:bold @ http://localhost:3000/_next/static/chunks/node_modules_next_dist_115brz8._.js:2477
[   74114ms] [LOG] [HMR] connected @ http://localhost:3000/_next/static/chunks/node_modules_next_dist_115brz8._.js:2477
[   74256ms] [WARNING] Please ensure that the container has a non-static position, like 'relative', 'fixed', or 'absolute' to ensure scroll offset is calculated correctly. @ http://localhost:3000/_next/static/chunks/node_modules_next_dist_115brz8._.js:2477
[   77484ms] [WARNING] The resource http://localhost:3000/HeroImages/ezgif-frame-001.jpg was preloaded using link preload but not used within a few seconds from the window's load event. Please make sure it has an appropriate `as` value and it is preloaded intentionally. @ http://localhost:3000/en:0
[   81310ms] [WARNING] <link rel=preload> uses an unsupported `as` value @ http://localhost:3000/en:0
[   81339ms] [INFO] %cDownload the React DevTools for a better development experience: https://react.dev/link/react-devtools font-weight:bold @ http://localhost:3000/_next/static/chunks/node_modules_next_dist_115brz8._.js:2477
[   81366ms] [LOG] [HMR] connected @ http://localhost:3000/_next/static/chunks/node_modules_next_dist_115brz8._.js:2477
[   81508ms] [WARNING] Please ensure that the container has a non-static position, like 'relative', 'fixed', or 'absolute' to ensure scroll offset is calculated correctly. @ http://localhost:3000/_next/static/chunks/node_modules_next_dist_115brz8._.js:2477
[   84765ms] [WARNING] The resource http://localhost:3000/HeroImages/ezgif-frame-001.jpg was preloaded using link preload but not used within a few seconds from the window's load event. Please make sure it has an appropriate `as` value and it is preloaded intentionally. @ http://localhost:3000/en:0
[   93516ms] [WARNING] The resource http://localhost:3000/HeroImages/ezgif-frame-001.jpg was preloaded using link preload but not used within a few seconds from the window's load event. Please make sure it has an appropriate `as` value and it is preloaded intentionally. @ http://localhost:3000/en:0
[  101150ms] [WARNING] The resource http://localhost:3000/HeroImages/ezgif-frame-001.jpg was preloaded using link preload but not used within a few seconds from the window's load event. Please make sure it has an appropriate `as` value and it is preloaded intentionally. @ http://localhost:3000/en:0
[  116939ms] [WARNING] The resource http://localhost:3000/HeroImages/ezgif-frame-001.jpg was preloaded using link preload but not used within a few seconds from the window's load event. Please make sure it has an appropriate `as` value and it is preloaded intentionally. @ http://localhost:3000/en:0
[  127226ms] [WARNING] The resource http://localhost:3000/HeroImages/ezgif-frame-001.jpg was preloaded using link preload but not used within a few seconds from the window's load event. Please make sure it has an appropriate `as` value and it is preloaded intentionally. @ http://localhost:3000/en:0
[  136571ms] [WARNING] The resource http://localhost:3000/HeroImages/ezgif-frame-001.jpg was preloaded using link preload but not used within a few seconds from the window's load event. Please make sure it has an appropriate `as` value and it is preloaded intentionally. @ http://localhost:3000/en:0
[  143462ms] [WARNING] The resource http://localhost:3000/HeroImages/ezgif-frame-001.jpg was preloaded using link preload but not used within a few seconds from the window's load event. Please make sure it has an appropriate `as` value and it is preloaded intentionally. @ http://localhost:3000/en:0
[  146774ms] [WARNING] The resource http://localhost:3000/HeroImages/ezgif-frame-001.jpg was preloaded using link preload but not used within a few seconds from the window's load event. Please make sure it has an appropriate `as` value and it is preloaded intentionally. @ http://localhost:3000/en:0
[  154423ms] [WARNING] The resource http://localhost:3000/HeroImages/ezgif-frame-001.jpg was preloaded using link preload but not used within a few seconds from the window's load event. Please make sure it has an appropriate `as` value and it is preloaded intentionally. @ http://localhost:3000/en:0
[  176611ms] [WARNING] The resource http://localhost:3000/HeroImages/ezgif-frame-001.jpg was preloaded using link preload but not used within a few seconds from the window's load event. Please make sure it has an appropriate `as` value and it is preloaded intentionally. @ http://localhost:3000/en:0
[  226590ms] [WARNING] The resource http://localhost:3000/HeroImages/ezgif-frame-001.jpg was preloaded using link preload but not used within a few seconds from the window's load event. Please make sure it has an appropriate `as` value and it is preloaded intentionally. @ http://localhost:3000/en:0
[  231367ms] [WARNING] The resource http://localhost:3000/HeroImages/ezgif-frame-001.jpg was preloaded using link preload but not used within a few seconds from the window's load event. Please make sure it has an appropriate `as` value and it is preloaded intentionally. @ http://localhost:3000/en:0
[  307845ms] [WARNING] <link rel=preload> uses an unsupported `as` value @ http://localhost:3000/fr:0
[  307915ms] [INFO] %cDownload the React DevTools for a better development experience: https://react.dev/link/react-devtools font-weight:bold @ http://localhost:3000/_next/static/chunks/node_modules_next_dist_115brz8._.js:2477
[  307948ms] [LOG] [HMR] connected @ http://localhost:3000/_next/static/chunks/node_modules_next_dist_115brz8._.js:2477
[  308095ms] [WARNING] Please ensure that the container has a non-static position, like 'relative', 'fixed', or 'absolute' to ensure scroll offset is calculated correctly. @ http://localhost:3000/_next/static/chunks/node_modules_next_dist_115brz8._.js:2477
[  311331ms] [WARNING] The resource http://localhost:3000/HeroImages/ezgif-frame-001.jpg was preloaded using link preload but not used within a few seconds from the window's load event. Please make sure it has an appropriate `as` value and it is preloaded intentionally. @ http://localhost:3000/fr:0
[  326346ms] [WARNING] The resource http://localhost:3000/HeroImages/ezgif-frame-001.jpg was preloaded using link preload but not used within a few seconds from the window's load event. Please make sure it has an appropriate `as` value and it is preloaded intentionally. @ http://localhost:3000/fr:0
[  366212ms] [LOG] [Fast Refresh] rebuilding @ http://localhost:3000/_next/static/chunks/node_modules_next_dist_115brz8._.js:2477
[  366515ms] [LOG] [Fast Refresh] done in 397ms @ http://localhost:3000/_next/static/chunks/node_modules_next_dist_115brz8._.js:2477
[  366696ms] [LOG] [Fast Refresh] rebuilding @ http://localhost:3000/_next/static/chunks/node_modules_next_dist_115brz8._.js:2477
[  366950ms] [LOG] [Fast Refresh] done in 357ms @ http://localhost:3000/_next/static/chunks/node_modules_next_dist_115brz8._.js:2477
[  370476ms] [WARNING] The resource http://localhost:3000/HeroImages/ezgif-frame-001.jpg was preloaded using link preload but not used within a few seconds from the window's load event. Please make sure it has an appropriate `as` value and it is preloaded intentionally. @ http://localhost:3000/fr:0
[  385876ms] [LOG] [Fast Refresh] rebuilding @ http://localhost:3000/_next/static/chunks/node_modules_next_dist_115brz8._.js:2477
[  386033ms] [LOG] [Fast Refresh] done in 237ms @ http://localhost:3000/_next/static/chunks/node_modules_next_dist_115brz8._.js:2477
[  386162ms] [LOG] [Fast Refresh] rebuilding @ http://localhost:3000/_next/static/chunks/node_modules_next_dist_115brz8._.js:2477
[  386369ms] [LOG] [Fast Refresh] done in 307ms @ http://localhost:3000/_next/static/chunks/node_modules_next_dist_115brz8._.js:2477
[  389882ms] [WARNING] The resource http://localhost:3000/HeroImages/ezgif-frame-001.jpg was preloaded using link preload but not used within a few seconds from the window's load event. Please make sure it has an appropriate `as` value and it is preloaded intentionally. @ http://localhost:3000/fr:0
[  425994ms] [LOG] [Fast Refresh] rebuilding @ http://localhost:3000/_next/static/chunks/node_modules_next_dist_115brz8._.js:2477
[  426054ms] [LOG] [Fast Refresh] done in 161ms @ http://localhost:3000/_next/static/chunks/node_modules_next_dist_115brz8._.js:2477
[  426414ms] [WARNING] <link rel=preload> uses an unsupported `as` value @ http://localhost:3000/fr:0
[  426444ms] [INFO] %cDownload the React DevTools for a better development experience: https://react.dev/link/react-devtools font-weight:bold @ http://localhost:3000/_next/static/chunks/node_modules_next_dist_115brz8._.js:2477
[  426467ms] [LOG] [HMR] connected @ http://localhost:3000/_next/static/chunks/node_modules_next_dist_115brz8._.js:2477
[  426602ms] [WARNING] Please ensure that the container has a non-static position, like 'relative', 'fixed', or 'absolute' to ensure scroll offset is calculated correctly. @ http://localhost:3000/_next/static/chunks/node_modules_next_dist_115brz8._.js:2477
[  429814ms] [WARNING] The resource http://localhost:3000/HeroImages/ezgif-frame-001.jpg was preloaded using link preload but not used within a few seconds from the window's load event. Please make sure it has an appropriate `as` value and it is preloaded intentionally. @ http://localhost:3000/fr:0
[  444845ms] [WARNING] The resource http://localhost:3000/HeroImages/ezgif-frame-001.jpg was preloaded using link preload but not used within a few seconds from the window's load event. Please make sure it has an appropriate `as` value and it is preloaded intentionally. @ http://localhost:3000/fr:0
[  456448ms] [WARNING] <link rel=preload> uses an unsupported `as` value @ http://localhost:3000/fr:0
[  456483ms] [INFO] %cDownload the React DevTools for a better development experience: https://react.dev/link/react-devtools font-weight:bold @ http://localhost:3000/_next/static/chunks/node_modules_next_dist_115brz8._.js:2477
[  456506ms] [LOG] [HMR] connected @ http://localhost:3000/_next/static/chunks/node_modules_next_dist_115brz8._.js:2477
[  457482ms] [WARNING] Please ensure that the container has a non-static position, like 'relative', 'fixed', or 'absolute' to ensure scroll offset is calculated correctly. @ http://localhost:3000/_next/static/chunks/node_modules_next_dist_115brz8._.js:2477
[  459869ms] [WARNING] The resource http://localhost:3000/HeroImages/ezgif-frame-001.jpg was preloaded using link preload but not used within a few seconds from the window's load event. Please make sure it has an appropriate `as` value and it is preloaded intentionally. @ http://localhost:3000/fr:0
[  476550ms] [WARNING] The resource http://localhost:3000/HeroImages/ezgif-frame-001.jpg was preloaded using link preload but not used within a few seconds from the window's load event. Please make sure it has an appropriate `as` value and it is preloaded intentionally. @ http://localhost:3000/fr:0
[  493651ms] [WARNING] The resource http://localhost:3000/HeroImages/ezgif-frame-001.jpg was preloaded using link preload but not used within a few seconds from the window's load event. Please make sure it has an appropriate `as` value and it is preloaded intentionally. @ http://localhost:3000/fr:0
[  503546ms] [WARNING] The resource http://localhost:3000/HeroImages/ezgif-frame-001.jpg was preloaded using link preload but not used within a few seconds from the window's load event. Please make sure it has an appropriate `as` value and it is preloaded intentionally. @ http://localhost:3000/fr:0
[  514972ms] [WARNING] The resource http://localhost:3000/HeroImages/ezgif-frame-001.jpg was preloaded using link preload but not used within a few seconds from the window's load event. Please make sure it has an appropriate `as` value and it is preloaded intentionally. @ http://localhost:3000/fr:0
[  520853ms] [WARNING] <link rel=preload> uses an unsupported `as` value @ http://localhost:3000/fr:0
[  520884ms] [INFO] %cDownload the React DevTools for a better development experience: https://react.dev/link/react-devtools font-weight:bold @ http://localhost:3000/_next/static/chunks/node_modules_next_dist_115brz8._.js:2477
[  520907ms] [LOG] [HMR] connected @ http://localhost:3000/_next/static/chunks/node_modules_next_dist_115brz8._.js:2477
[  521884ms] [WARNING] Please ensure that the container has a non-static position, like 'relative', 'fixed', or 'absolute' to ensure scroll offset is calculated correctly. @ http://localhost:3000/_next/static/chunks/node_modules_next_dist_115brz8._.js:2477
[  524356ms] [WARNING] The resource http://localhost:3000/HeroImages/ezgif-frame-001.jpg was preloaded using link preload but not used within a few seconds from the window's load event. Please make sure it has an appropriate `as` value and it is preloaded intentionally. @ http://localhost:3000/fr:0
[  541972ms] [WARNING] The resource http://localhost:3000/HeroImages/ezgif-frame-001.jpg was preloaded using link preload but not used within a few seconds from the window's load event. Please make sure it has an appropriate `as` value and it is preloaded intentionally. @ http://localhost:3000/fr:0
[  556069ms] [WARNING] The resource http://localhost:3000/HeroImages/ezgif-frame-001.jpg was preloaded using link preload but not used within a few seconds from the window's load event. Please make sure it has an appropriate `as` value and it is preloaded intentionally. @ http://localhost:3000/fr:0
[  572109ms] [WARNING] The resource http://localhost:3000/HeroImages/ezgif-frame-001.jpg was preloaded using link preload but not used within a few seconds from the window's load event. Please make sure it has an appropriate `as` value and it is preloaded intentionally. @ http://localhost:3000/fr:0
[  583461ms] [WARNING] The resource http://localhost:3000/HeroImages/ezgif-frame-001.jpg was preloaded using link preload but not used within a few seconds from the window's load event. Please make sure it has an appropriate `as` value and it is preloaded intentionally. @ http://localhost:3000/fr:0
[  602079ms] [WARNING] The resource http://localhost:3000/HeroImages/ezgif-frame-001.jpg was preloaded using link preload but not used within a few seconds from the window's load event. Please make sure it has an appropriate `as` value and it is preloaded intentionally. @ http://localhost:3000/fr:0
[  611199ms] [WARNING] The resource http://localhost:3000/HeroImages/ezgif-frame-001.jpg was preloaded using link preload but not used within a few seconds from the window's load event. Please make sure it has an appropriate `as` value and it is preloaded intentionally. @ http://localhost:3000/fr:0
[  632158ms] [WARNING] The resource http://localhost:3000/HeroImages/ezgif-frame-001.jpg was preloaded using link preload but not used within a few seconds from the window's load event. Please make sure it has an appropriate `as` value and it is preloaded intentionally. @ http://localhost:3000/fr:0
[ 1462375ms] [LOG] [Fast Refresh] rebuilding @ http://localhost:3000/_next/static/chunks/node_modules_next_dist_115brz8._.js:2477
[ 1462519ms] [LOG] [Fast Refresh] done in 244ms @ http://localhost:3000/_next/static/chunks/node_modules_next_dist_115brz8._.js:2477
[ 1462801ms] [WARNING] <link rel=preload> uses an unsupported `as` value @ http://localhost:3000/fr:0
[ 1462868ms] [INFO] %cDownload the React DevTools for a better development experience: https://react.dev/link/react-devtools font-weight:bold @ http://localhost:3000/_next/static/chunks/node_modules_next_dist_115brz8._.js:2477
[ 1462934ms] [LOG] [HMR] connected @ http://localhost:3000/_next/static/chunks/node_modules_next_dist_115brz8._.js:2477
[ 1463107ms] [WARNING] Please ensure that the container has a non-static position, like 'relative', 'fixed', or 'absolute' to ensure scroll offset is calculated correctly. @ http://localhost:3000/_next/static/chunks/node_modules_next_dist_115brz8._.js:2477
[ 1466382ms] [WARNING] The resource http://localhost:3000/HeroImages/ezgif-frame-001.jpg was preloaded using link preload but not used within a few seconds from the window's load event. Please make sure it has an appropriate `as` value and it is preloaded intentionally. @ http://localhost:3000/fr:0
[ 1480419ms] [WARNING] The resource http://localhost:3000/HeroImages/ezgif-frame-001.jpg was preloaded using link preload but not used within a few seconds from the window's load event. Please make sure it has an appropriate `as` value and it is preloaded intentionally. @ http://localhost:3000/fr:0
[ 1496448ms] [WARNING] The resource http://localhost:3000/HeroImages/ezgif-frame-001.jpg was preloaded using link preload but not used within a few seconds from the window's load event. Please make sure it has an appropriate `as` value and it is preloaded intentionally. @ http://localhost:3000/fr:0
[ 1507710ms] [WARNING] The resource http://localhost:3000/HeroImages/ezgif-frame-001.jpg was preloaded using link preload but not used within a few seconds from the window's load event. Please make sure it has an appropriate `as` value and it is preloaded intentionally. @ http://localhost:3000/fr:0
[ 1529470ms] [WARNING] The resource http://localhost:3000/HeroImages/ezgif-frame-001.jpg was preloaded using link preload but not used within a few seconds from the window's load event. Please make sure it has an appropriate `as` value and it is preloaded intentionally. @ http://localhost:3000/fr:0
[ 1535338ms] [WARNING] The resource http://localhost:3000/HeroImages/ezgif-frame-001.jpg was preloaded using link preload but not used within a few seconds from the window's load event. Please make sure it has an appropriate `as` value and it is preloaded intentionally. @ http://localhost:3000/fr:0
[ 1556252ms] [WARNING] The resource http://localhost:3000/HeroImages/ezgif-frame-001.jpg was preloaded using link preload but not used within a few seconds from the window's load event. Please make sure it has an appropriate `as` value and it is preloaded intentionally. @ http://localhost:3000/fr:0
[ 1598979ms] [LOG] [Fast Refresh] rebuilding @ http://localhost:3000/_next/static/chunks/node_modules_next_dist_115brz8._.js:2477
[ 1599295ms] [LOG] [Fast Refresh] done in 391ms @ http://localhost:3000/_next/static/chunks/node_modules_next_dist_115brz8._.js:2477
[ 1599433ms] [LOG] [Fast Refresh] rebuilding @ http://localhost:3000/_next/static/chunks/node_modules_next_dist_115brz8._.js:2477
[ 1599628ms] [LOG] [Fast Refresh] done in 297ms @ http://localhost:3000/_next/static/chunks/node_modules_next_dist_115brz8._.js:2477
[ 1603337ms] [WARNING] The resource http://localhost:3000/HeroImages/ezgif-frame-001.jpg was preloaded using link preload but not used within a few seconds from the window's load event. Please make sure it has an appropriate `as` value and it is preloaded intentionally. @ http://localhost:3000/fr:0
[ 1639144ms] [LOG] [Fast Refresh] rebuilding @ http://localhost:3000/_next/static/chunks/node_modules_next_dist_115brz8._.js:2477
[ 1639193ms] [LOG] [Fast Refresh] done in 150ms @ http://localhost:3000/_next/static/chunks/node_modules_next_dist_115brz8._.js:2477
[ 1639757ms] [WARNING] <link rel=preload> uses an unsupported `as` value @ http://localhost:3000/fr:0
[ 1639793ms] [INFO] %cDownload the React DevTools for a better development experience: https://react.dev/link/react-devtools font-weight:bold @ http://localhost:3000/_next/static/chunks/node_modules_next_dist_115brz8._.js:2477
[ 1639820ms] [LOG] [HMR] connected @ http://localhost:3000/_next/static/chunks/node_modules_next_dist_115brz8._.js:2477
[ 1639964ms] [WARNING] Please ensure that the container has a non-static position, like 'relative', 'fixed', or 'absolute' to ensure scroll offset is calculated correctly. @ http://localhost:3000/_next/static/chunks/node_modules_next_dist_115brz8._.js:2477
[ 1643210ms] [WARNING] The resource http://localhost:3000/HeroImages/ezgif-frame-001.jpg was preloaded using link preload but not used within a few seconds from the window's load event. Please make sure it has an appropriate `as` value and it is preloaded intentionally. @ http://localhost:3000/fr:0
[ 1660300ms] [WARNING] The resource http://localhost:3000/HeroImages/ezgif-frame-001.jpg was preloaded using link preload but not used within a few seconds from the window's load event. Please make sure it has an appropriate `as` value and it is preloaded intentionally. @ http://localhost:3000/fr:0
[ 1674742ms] [WARNING] The resource http://localhost:3000/HeroImages/ezgif-frame-001.jpg was preloaded using link preload but not used within a few seconds from the window's load event. Please make sure it has an appropriate `as` value and it is preloaded intentionally. @ http://localhost:3000/fr:0
[ 1679653ms] [WARNING] <link rel=preload> uses an unsupported `as` value @ http://localhost:3000/fr:0
[ 1679687ms] [INFO] %cDownload the React DevTools for a better development experience: https://react.dev/link/react-devtools font-weight:bold @ http://localhost:3000/_next/static/chunks/node_modules_next_dist_115brz8._.js:2477
[ 1679717ms] [LOG] [HMR] connected @ http://localhost:3000/_next/static/chunks/node_modules_next_dist_115brz8._.js:2477
[ 1679851ms] [WARNING] Please ensure that the container has a non-static position, like 'relative', 'fixed', or 'absolute' to ensure scroll offset is calculated correctly. @ http://localhost:3000/_next/static/chunks/node_modules_next_dist_115brz8._.js:2477
[ 1683101ms] [WARNING] The resource http://localhost:3000/HeroImages/ezgif-frame-001.jpg was preloaded using link preload but not used within a few seconds from the window's load event. Please make sure it has an appropriate `as` value and it is preloaded intentionally. @ http://localhost:3000/fr:0
[ 1701982ms] [WARNING] The resource http://localhost:3000/HeroImages/ezgif-frame-001.jpg was preloaded using link preload but not used within a few seconds from the window's load event. Please make sure it has an appropriate `as` value and it is preloaded intentionally. @ http://localhost:3000/fr:0
[ 1714282ms] [WARNING] The resource http://localhost:3000/HeroImages/ezgif-frame-001.jpg was preloaded using link preload but not used within a few seconds from the window's load event. Please make sure it has an appropriate `as` value and it is preloaded intentionally. @ http://localhost:3000/fr:0
[ 1730316ms] [WARNING] The resource http://localhost:3000/HeroImages/ezgif-frame-001.jpg was preloaded using link preload but not used within a few seconds from the window's load event. Please make sure it has an appropriate `as` value and it is preloaded intentionally. @ http://localhost:3000/fr:0
[ 1741414ms] [WARNING] The resource http://localhost:3000/HeroImages/ezgif-frame-001.jpg was preloaded using link preload but not used within a few seconds from the window's load event. Please make sure it has an appropriate `as` value and it is preloaded intentionally. @ http://localhost:3000/fr:0
[ 1760189ms] [WARNING] The resource http://localhost:3000/HeroImages/ezgif-frame-001.jpg was preloaded using link preload but not used within a few seconds from the window's load event. Please make sure it has an appropriate `as` value and it is preloaded intentionally. @ http://localhost:3000/fr:0
[ 1768962ms] [WARNING] The resource http://localhost:3000/HeroImages/ezgif-frame-001.jpg was preloaded using link preload but not used within a few seconds from the window's load event. Please make sure it has an appropriate `as` value and it is preloaded intentionally. @ http://localhost:3000/fr:0
[ 1790072ms] [WARNING] The resource http://localhost:3000/HeroImages/ezgif-frame-001.jpg was preloaded using link preload but not used within a few seconds from the window's load event. Please make sure it has an appropriate `as` value and it is preloaded intentionally. @ http://localhost:3000/fr:0
[ 2071708ms] [WARNING] <link rel=preload> uses an unsupported `as` value @ http://localhost:3000/fr:0
[ 2071750ms] [INFO] %cDownload the React DevTools for a better development experience: https://react.dev/link/react-devtools font-weight:bold @ http://localhost:3000/_next/static/chunks/node_modules_next_dist_115brz8._.js:2477
[ 2071778ms] [LOG] [HMR] connected @ http://localhost:3000/_next/static/chunks/node_modules_next_dist_115brz8._.js:2477
[ 2071925ms] [WARNING] Please ensure that the container has a non-static position, like 'relative', 'fixed', or 'absolute' to ensure scroll offset is calculated correctly. @ http://localhost:3000/_next/static/chunks/node_modules_next_dist_115brz8._.js:2477
[ 2077835ms] [WARNING] The resource http://localhost:3000/HeroImages/ezgif-frame-001.jpg was preloaded using link preload but not used within a few seconds from the window's load event. Please make sure it has an appropriate `as` value and it is preloaded intentionally. @ http://localhost:3000/fr:0
[ 2083688ms] [WARNING] The resource http://localhost:3000/HeroImages/ezgif-frame-001.jpg was preloaded using link preload but not used within a few seconds from the window's load event. Please make sure it has an appropriate `as` value and it is preloaded intentionally. @ http://localhost:3000/fr:0
[ 2096204ms] [WARNING] The resource http://localhost:3000/HeroImages/ezgif-frame-001.jpg was preloaded using link preload but not used within a few seconds from the window's load event. Please make sure it has an appropriate `as` value and it is preloaded intentionally. @ http://localhost:3000/fr:0
[ 2106304ms] [WARNING] The resource http://localhost:3000/HeroImages/ezgif-frame-001.jpg was preloaded using link preload but not used within a few seconds from the window's load event. Please make sure it has an appropriate `as` value and it is preloaded intentionally. @ http://localhost:3000/fr:0
[ 2116549ms] [WARNING] The resource http://localhost:3000/HeroImages/ezgif-frame-001.jpg was preloaded using link preload but not used within a few seconds from the window's load event. Please make sure it has an appropriate `as` value and it is preloaded intentionally. @ http://localhost:3000/fr:0
[ 2136105ms] [WARNING] The resource http://localhost:3000/HeroImages/ezgif-frame-001.jpg was preloaded using link preload but not used within a few seconds from the window's load event. Please make sure it has an appropriate `as` value and it is preloaded intentionally. @ http://localhost:3000/fr:0
[ 2143525ms] [WARNING] The resource http://localhost:3000/HeroImages/ezgif-frame-001.jpg was preloaded using link preload but not used within a few seconds from the window's load event. Please make sure it has an appropriate `as` value and it is preloaded intentionally. @ http://localhost:3000/fr:0
[ 2165962ms] [WARNING] The resource http://localhost:3000/HeroImages/ezgif-frame-001.jpg was preloaded using link preload but not used within a few seconds from the window's load event. Please make sure it has an appropriate `as` value and it is preloaded intentionally. @ http://localhost:3000/fr:0
[ 2191618ms] [LOG] [Fast Refresh] rebuilding @ http://localhost:3000/_next/static/chunks/node_modules_next_dist_115brz8._.js:2477
[ 2191676ms] [LOG] [Fast Refresh] done in 127ms @ http://localhost:3000/_next/static/chunks/node_modules_next_dist_115brz8._.js:2477
[ 2191802ms] [LOG] [Fast Refresh] rebuilding @ http://localhost:3000/_next/static/chunks/node_modules_next_dist_115brz8._.js:2477
[ 2191867ms] [LOG] [Fast Refresh] done in 165ms @ http://localhost:3000/_next/static/chunks/node_modules_next_dist_115brz8._.js:2477
[ 2191984ms] [LOG] [Fast Refresh] rebuilding @ http://localhost:3000/_next/static/chunks/node_modules_next_dist_115brz8._.js:2477
[ 2192011ms] [LOG] [Fast Refresh] done in 132ms @ http://localhost:3000/_next/static/chunks/node_modules_next_dist_115brz8._.js:2477
[ 2195258ms] [WARNING] The resource http://localhost:3000/HeroImages/ezgif-frame-001.jpg was preloaded using link preload but not used within a few seconds from the window's load event. Please make sure it has an appropriate `as` value and it is preloaded intentionally. @ http://localhost:3000/fr:0
[ 2206470ms] [LOG] [Fast Refresh] rebuilding @ http://localhost:3000/_next/static/chunks/node_modules_next_dist_115brz8._.js:2477
[ 2206498ms] [LOG] [Fast Refresh] done in 113ms @ http://localhost:3000/_next/static/chunks/node_modules_next_dist_115brz8._.js:2477
[ 2206627ms] [LOG] [Fast Refresh] rebuilding @ http://localhost:3000/_next/static/chunks/node_modules_next_dist_115brz8._.js:2477
[ 2206766ms] [LOG] [Fast Refresh] done in 242ms @ http://localhost:3000/_next/static/chunks/node_modules_next_dist_115brz8._.js:2477
[ 2210003ms] [WARNING] The resource http://localhost:3000/HeroImages/ezgif-frame-001.jpg was preloaded using link preload but not used within a few seconds from the window's load event. Please make sure it has an appropriate `as` value and it is preloaded intentionally. @ http://localhost:3000/fr:0
[ 2253033ms] [WARNING] <link rel=preload> uses an unsupported `as` value @ http://localhost:3000/fr:0
[ 2253093ms] [INFO] %cDownload the React DevTools for a better development experience: https://react.dev/link/react-devtools font-weight:bold @ http://localhost:3000/_next/static/chunks/node_modules_next_dist_115brz8._.js:2477
[ 2253153ms] [LOG] [HMR] connected @ http://localhost:3000/_next/static/chunks/node_modules_next_dist_115brz8._.js:2477
[ 2254074ms] [WARNING] Please ensure that the container has a non-static position, like 'relative', 'fixed', or 'absolute' to ensure scroll offset is calculated correctly. @ http://localhost:3000/_next/static/chunks/node_modules_next_dist_115brz8._.js:2477
[ 2256659ms] [WARNING] The resource http://localhost:3000/HeroImages/ezgif-frame-001.jpg was preloaded using link preload but not used within a few seconds from the window's load event. Please make sure it has an appropriate `as` value and it is preloaded intentionally. @ http://localhost:3000/fr:0
[ 2274145ms] [WARNING] The resource http://localhost:3000/HeroImages/ezgif-frame-001.jpg was preloaded using link preload but not used within a few seconds from the window's load event. Please make sure it has an appropriate `as` value and it is preloaded intentionally. @ http://localhost:3000/fr:0
[ 2288239ms] [WARNING] The resource http://localhost:3000/HeroImages/ezgif-frame-001.jpg was preloaded using link preload but not used within a few seconds from the window's load event. Please make sure it has an appropriate `as` value and it is preloaded intentionally. @ http://localhost:3000/fr:0
[ 2304489ms] [WARNING] The resource http://localhost:3000/HeroImages/ezgif-frame-001.jpg was preloaded using link preload but not used within a few seconds from the window's load event. Please make sure it has an appropriate `as` value and it is preloaded intentionally. @ http://localhost:3000/fr:0
[ 2315673ms] [WARNING] The resource http://localhost:3000/HeroImages/ezgif-frame-001.jpg was preloaded using link preload but not used within a few seconds from the window's load event. Please make sure it has an appropriate `as` value and it is preloaded intentionally. @ http://localhost:3000/fr:0
[ 2319995ms] [LOG] [Fast Refresh] rebuilding @ http://localhost:3000/_next/static/chunks/node_modules_next_dist_115brz8._.js:2477
[ 2320067ms] [LOG] [Fast Refresh] done in 150ms @ http://localhost:3000/_next/static/chunks/node_modules_next_dist_115brz8._.js:2477
[ 2320182ms] [LOG] [Fast Refresh] rebuilding @ http://localhost:3000/_next/static/chunks/node_modules_next_dist_115brz8._.js:2477
[ 2320491ms] [LOG] [Fast Refresh] done in 412ms @ http://localhost:3000/_next/static/chunks/node_modules_next_dist_115brz8._.js:2477
[ 2323616ms] [WARNING] The resource http://localhost:3000/HeroImages/ezgif-frame-001.jpg was preloaded using link preload but not used within a few seconds from the window's load event. Please make sure it has an appropriate `as` value and it is preloaded intentionally. @ http://localhost:3000/fr:0
[ 2330044ms] [LOG] [Fast Refresh] rebuilding @ http://localhost:3000/_next/static/chunks/node_modules_next_dist_115brz8._.js:2477
[ 2330113ms] [LOG] [Fast Refresh] done in 125ms @ http://localhost:3000/_next/static/chunks/node_modules_next_dist_115brz8._.js:2477
[ 2330228ms] [LOG] [Fast Refresh] rebuilding @ http://localhost:3000/_next/static/chunks/node_modules_next_dist_115brz8._.js:2477
[ 2330627ms] [LOG] [Fast Refresh] done in 508ms @ http://localhost:3000/_next/static/chunks/node_modules_next_dist_115brz8._.js:2477
[ 2334218ms] [WARNING] The resource http://localhost:3000/HeroImages/ezgif-frame-001.jpg was preloaded using link preload but not used within a few seconds from the window's load event. Please make sure it has an appropriate `as` value and it is preloaded intentionally. @ http://localhost:3000/fr:0
[ 2343350ms] [WARNING] The resource http://localhost:3000/HeroImages/ezgif-frame-001.jpg was preloaded using link preload but not used within a few seconds from the window's load event. Please make sure it has an appropriate `as` value and it is preloaded intentionally. @ http://localhost:3000/fr:0
[ 2354053ms] [LOG] [Fast Refresh] rebuilding @ http://localhost:3000/_next/static/chunks/node_modules_next_dist_115brz8._.js:2477
[ 2354122ms] [LOG] [Fast Refresh] done in 146ms @ http://localhost:3000/_next/static/chunks/node_modules_next_dist_115brz8._.js:2477
[ 2354238ms] [LOG] [Fast Refresh] rebuilding @ http://localhost:3000/_next/static/chunks/node_modules_next_dist_115brz8._.js:2477
[ 2354473ms] [LOG] [Fast Refresh] done in 340ms @ http://localhost:3000/_next/static/chunks/node_modules_next_dist_115brz8._.js:2477
[ 2357599ms] [WARNING] The resource http://localhost:3000/HeroImages/ezgif-frame-001.jpg was preloaded using link preload but not used within a few seconds from the window's load event. Please make sure it has an appropriate `as` value and it is preloaded intentionally. @ http://localhost:3000/fr:0
[ 2364086ms] [WARNING] The resource http://localhost:3000/HeroImages/ezgif-frame-001.jpg was preloaded using link preload but not used within a few seconds from the window's load event. Please make sure it has an appropriate `as` value and it is preloaded intentionally. @ http://localhost:3000/fr:0
[ 2390284ms] [WARNING] <link rel=preload> uses an unsupported `as` value @ http://localhost:3000/fr:0
[ 2390371ms] [INFO] %cDownload the React DevTools for a better development experience: https://react.dev/link/react-devtools font-weight:bold @ http://localhost:3000/_next/static/chunks/node_modules_next_dist_115brz8._.js:2477
[ 2390393ms] [LOG] [HMR] connected @ http://localhost:3000/_next/static/chunks/node_modules_next_dist_115brz8._.js:2477
[ 2391347ms] [WARNING] Please ensure that the container has a non-static position, like 'relative', 'fixed', or 'absolute' to ensure scroll offset is calculated correctly. @ http://localhost:3000/_next/static/chunks/node_modules_next_dist_115brz8._.js:2477
[ 2393818ms] [WARNING] The resource http://localhost:3000/HeroImages/ezgif-frame-001.jpg was preloaded using link preload but not used within a few seconds from the window's load event. Please make sure it has an appropriate `as` value and it is preloaded intentionally. @ http://localhost:3000/fr:0
[ 2411405ms] [WARNING] The resource http://localhost:3000/HeroImages/ezgif-frame-001.jpg was preloaded using link preload but not used within a few seconds from the window's load event. Please make sure it has an appropriate `as` value and it is preloaded intentionally. @ http://localhost:3000/fr:0
[ 2425893ms] [WARNING] The resource http://localhost:3000/HeroImages/ezgif-frame-001.jpg was preloaded using link preload but not used within a few seconds from the window's load event. Please make sure it has an appropriate `as` value and it is preloaded intentionally. @ http://localhost:3000/fr:0
[ 2438594ms] [WARNING] <link rel=preload> uses an unsupported `as` value @ http://localhost:3000/fr:0
[ 2438641ms] [INFO] %cDownload the React DevTools for a better development experience: https://react.dev/link/react-devtools font-weight:bold @ http://localhost:3000/_next/static/chunks/node_modules_next_dist_115brz8._.js:2477
[ 2438679ms] [LOG] [HMR] connected @ http://localhost:3000/_next/static/chunks/node_modules_next_dist_115brz8._.js:2477
[ 2438857ms] [WARNING] Please ensure that the container has a non-static position, like 'relative', 'fixed', or 'absolute' to ensure scroll offset is calculated correctly. @ http://localhost:3000/_next/static/chunks/node_modules_next_dist_115brz8._.js:2477
[ 2442109ms] [WARNING] The resource http://localhost:3000/HeroImages/ezgif-frame-001.jpg was preloaded using link preload but not used within a few seconds from the window's load event. Please make sure it has an appropriate `as` value and it is preloaded intentionally. @ http://localhost:3000/fr:0
[ 2456219ms] [WARNING] The resource http://localhost:3000/HeroImages/ezgif-frame-001.jpg was preloaded using link preload but not used within a few seconds from the window's load event. Please make sure it has an appropriate `as` value and it is preloaded intentionally. @ http://localhost:3000/fr:0
[ 2472378ms] [WARNING] The resource http://localhost:3000/HeroImages/ezgif-frame-001.jpg was preloaded using link preload but not used within a few seconds from the window's load event. Please make sure it has an appropriate `as` value and it is preloaded intentionally. @ http://localhost:3000/fr:0
[ 2484009ms] [WARNING] The resource http://localhost:3000/HeroImages/ezgif-frame-001.jpg was preloaded using link preload but not used within a few seconds from the window's load event. Please make sure it has an appropriate `as` value and it is preloaded intentionally. @ http://localhost:3000/fr:0
[ 2503042ms] [WARNING] The resource http://localhost:3000/HeroImages/ezgif-frame-001.jpg was preloaded using link preload but not used within a few seconds from the window's load event. Please make sure it has an appropriate `as` value and it is preloaded intentionally. @ http://localhost:3000/fr:0
[ 2511148ms] [WARNING] The resource http://localhost:3000/HeroImages/ezgif-frame-001.jpg was preloaded using link preload but not used within a few seconds from the window's load event. Please make sure it has an appropriate `as` value and it is preloaded intentionally. @ http://localhost:3000/fr:0
[ 2535888ms] [WARNING] The resource http://localhost:3000/HeroImages/ezgif-frame-001.jpg was preloaded using link preload but not used within a few seconds from the window's load event. Please make sure it has an appropriate `as` value and it is preloaded intentionally. @ http://localhost:3000/fr:0
[ 2669270ms] [WARNING] <link rel=preload> uses an unsupported `as` value @ http://localhost:3000/fr:0
[ 2669333ms] [INFO] %cDownload the React DevTools for a better development experience: https://react.dev/link/react-devtools font-weight:bold @ http://localhost:3000/_next/static/chunks/node_modules_next_dist_115brz8._.js:2477
[ 2669408ms] [LOG] [HMR] connected @ http://localhost:3000/_next/static/chunks/node_modules_next_dist_115brz8._.js:2477
[ 2669594ms] [WARNING] Please ensure that the container has a non-static position, like 'relative', 'fixed', or 'absolute' to ensure scroll offset is calculated correctly. @ http://localhost:3000/_next/static/chunks/node_modules_next_dist_115brz8._.js:2477
[ 2672858ms] [WARNING] The resource http://localhost:3000/HeroImages/ezgif-frame-001.jpg was preloaded using link preload but not used within a few seconds from the window's load event. Please make sure it has an appropriate `as` value and it is preloaded intentionally. @ http://localhost:3000/fr:0
[ 2682082ms] [WARNING] The resource http://localhost:3000/HeroImages/ezgif-frame-001.jpg was preloaded using link preload but not used within a few seconds from the window's load event. Please make sure it has an appropriate `as` value and it is preloaded intentionally. @ http://localhost:3000/fr:0
[ 2686960ms] [WARNING] The resource http://localhost:3000/HeroImages/ezgif-frame-001.jpg was preloaded using link preload but not used within a few seconds from the window's load event. Please make sure it has an appropriate `as` value and it is preloaded intentionally. @ http://localhost:3000/fr:0
[ 2702874ms] [WARNING] The resource http://localhost:3000/HeroImages/ezgif-frame-001.jpg was preloaded using link preload but not used within a few seconds from the window's load event. Please make sure it has an appropriate `as` value and it is preloaded intentionally. @ http://localhost:3000/fr:0
[ 2714224ms] [WARNING] The resource http://localhost:3000/HeroImages/ezgif-frame-001.jpg was preloaded using link preload but not used within a few seconds from the window's load event. Please make sure it has an appropriate `as` value and it is preloaded intentionally. @ http://localhost:3000/fr:0
[ 2732861ms] [WARNING] The resource http://localhost:3000/HeroImages/ezgif-frame-001.jpg was preloaded using link preload but not used within a few seconds from the window's load event. Please make sure it has an appropriate `as` value and it is preloaded intentionally. @ http://localhost:3000/fr:0
[ 2741636ms] [WARNING] The resource http://localhost:3000/HeroImages/ezgif-frame-001.jpg was preloaded using link preload but not used within a few seconds from the window's load event. Please make sure it has an appropriate `as` value and it is preloaded intentionally. @ http://localhost:3000/fr:0
[ 2750095ms] [LOG] [Fast Refresh] rebuilding @ http://localhost:3000/_next/static/chunks/node_modules_next_dist_115brz8._.js:2477
[ 2750138ms] [LOG] [Fast Refresh] done in 120ms @ http://localhost:3000/_next/static/chunks/node_modules_next_dist_115brz8._.js:2477
[ 2750277ms] [LOG] [Fast Refresh] rebuilding @ http://localhost:3000/_next/static/chunks/node_modules_next_dist_115brz8._.js:2477
[ 2750500ms] [LOG] [Fast Refresh] done in 323ms @ http://localhost:3000/_next/static/chunks/node_modules_next_dist_115brz8._.js:2477
[ 2754131ms] [WARNING] The resource http://localhost:3000/HeroImages/ezgif-frame-001.jpg was preloaded using link preload but not used within a few seconds from the window's load event. Please make sure it has an appropriate `as` value and it is preloaded intentionally. @ http://localhost:3000/fr:0
[ 2762825ms] [WARNING] The resource http://localhost:3000/HeroImages/ezgif-frame-001.jpg was preloaded using link preload but not used within a few seconds from the window's load event. Please make sure it has an appropriate `as` value and it is preloaded intentionally. @ http://localhost:3000/fr:0
[ 2763859ms] [LOG] [Fast Refresh] rebuilding @ http://localhost:3000/_next/static/chunks/node_modules_next_dist_115brz8._.js:2477
[ 2763891ms] [LOG] [Fast Refresh] done in 115ms @ http://localhost:3000/_next/static/chunks/node_modules_next_dist_115brz8._.js:2477
[ 2764027ms] [LOG] [Fast Refresh] rebuilding @ http://localhost:3000/_next/static/chunks/node_modules_next_dist_115brz8._.js:2477
[ 2764194ms] [LOG] [Fast Refresh] done in 268ms @ http://localhost:3000/_next/static/chunks/node_modules_next_dist_115brz8._.js:2477
[ 2764305ms] [LOG] [Fast Refresh] rebuilding @ http://localhost:3000/_next/static/chunks/node_modules_next_dist_115brz8._.js:2477
[ 2764322ms] [LOG] [Fast Refresh] done in 119ms @ http://localhost:3000/_next/static/chunks/node_modules_next_dist_115brz8._.js:2477
[ 2764424ms] [LOG] [Fast Refresh] rebuilding @ http://localhost:3000/_next/static/chunks/node_modules_next_dist_115brz8._.js:2477
[ 2764502ms] [LOG] [Fast Refresh] done in 179ms @ http://localhost:3000/_next/static/chunks/node_modules_next_dist_115brz8._.js:2477
[ 2767936ms] [WARNING] The resource http://localhost:3000/HeroImages/ezgif-frame-001.jpg was preloaded using link preload but not used within a few seconds from the window's load event. Please make sure it has an appropriate `as` value and it is preloaded intentionally. @ http://localhost:3000/fr:0
[ 2772630ms] [LOG] [Fast Refresh] rebuilding @ http://localhost:3000/_next/static/chunks/node_modules_next_dist_115brz8._.js:2477
[ 2772692ms] [LOG] [Fast Refresh] done in 140ms @ http://localhost:3000/_next/static/chunks/node_modules_next_dist_115brz8._.js:2477
[ 2772859ms] [LOG] [Fast Refresh] rebuilding @ http://localhost:3000/_next/static/chunks/node_modules_next_dist_115brz8._.js:2477
[ 2773163ms] [LOG] [Fast Refresh] done in 405ms @ http://localhost:3000/_next/static/chunks/node_modules_next_dist_115brz8._.js:2477
[ 2773285ms] [LOG] [Fast Refresh] rebuilding @ http://localhost:3000/_next/static/chunks/node_modules_next_dist_115brz8._.js:2477
[ 2773292ms] [LOG] [Fast Refresh] done in 107ms @ http://localhost:3000/_next/static/chunks/node_modules_next_dist_115brz8._.js:2477
[ 2776715ms] [WARNING] The resource http://localhost:3000/HeroImages/ezgif-frame-001.jpg was preloaded using link preload but not used within a few seconds from the window's load event. Please make sure it has an appropriate `as` value and it is preloaded intentionally. @ http://localhost:3000/fr:0
[ 2780362ms] [LOG] [Fast Refresh] rebuilding @ http://localhost:3000/_next/static/chunks/node_modules_next_dist_115brz8._.js:2477
[ 2780446ms] [LOG] [Fast Refresh] done in 167ms @ http://localhost:3000/_next/static/chunks/node_modules_next_dist_115brz8._.js:2477
[ 2780575ms] [LOG] [Fast Refresh] rebuilding @ http://localhost:3000/_next/static/chunks/node_modules_next_dist_115brz8._.js:2477
[ 2780698ms] [LOG] [Fast Refresh] done in 223ms @ http://localhost:3000/_next/static/chunks/node_modules_next_dist_115brz8._.js:2477
[ 2784383ms] [WARNING] The resource http://localhost:3000/HeroImages/ezgif-frame-001.jpg was preloaded using link preload but not used within a few seconds from the window's load event. Please make sure it has an appropriate `as` value and it is preloaded intentionally. @ http://localhost:3000/fr:0
[ 2819095ms] [LOG] [Fast Refresh] rebuilding @ http://localhost:3000/_next/static/chunks/node_modules_next_dist_115brz8._.js:2477
[ 2819218ms] [LOG] [Fast Refresh] done in 225ms @ http://localhost:3000/_next/static/chunks/node_modules_next_dist_115brz8._.js:2477
[ 2819871ms] [WARNING] <link rel=preload> uses an unsupported `as` value @ http://localhost:3000/fr:0
[ 2819950ms] [INFO] %cDownload the React DevTools for a better development experience: https://react.dev/link/react-devtools font-weight:bold @ http://localhost:3000/_next/static/chunks/node_modules_next_dist_115brz8._.js:2477
[ 2819978ms] [LOG] [HMR] connected @ http://localhost:3000/_next/static/chunks/node_modules_next_dist_115brz8._.js:2477
[ 2820121ms] [WARNING] Please ensure that the container has a non-static position, like 'relative', 'fixed', or 'absolute' to ensure scroll offset is calculated correctly. @ http://localhost:3000/_next/static/chunks/node_modules_next_dist_115brz8._.js:2477
[ 2823402ms] [WARNING] The resource http://localhost:3000/HeroImages/ezgif-frame-001.jpg was preloaded using link preload but not used within a few seconds from the window's load event. Please make sure it has an appropriate `as` value and it is preloaded intentionally. @ http://localhost:3000/fr:0
[ 2829557ms] [WARNING] The resource http://localhost:3000/HeroImages/ezgif-frame-001.jpg was preloaded using link preload but not used within a few seconds from the window's load event. Please make sure it has an appropriate `as` value and it is preloaded intentionally. @ http://localhost:3000/fr:0
[ 2836055ms] [LOG] [Fast Refresh] rebuilding @ http://localhost:3000/_next/static/chunks/node_modules_next_dist_115brz8._.js:2477
[ 2836492ms] [LOG] [Fast Refresh] done in 538ms @ http://localhost:3000/_next/static/chunks/node_modules_next_dist_115brz8._.js:2477
[ 2837350ms] [WARNING] <link rel=preload> uses an unsupported `as` value @ http://localhost:3000/fr:0
[ 2837408ms] [INFO] %cDownload the React DevTools for a better development experience: https://react.dev/link/react-devtools font-weight:bold @ http://localhost:3000/_next/static/chunks/node_modules_next_dist_115brz8._.js:2477
[ 2837449ms] [LOG] [HMR] connected @ http://localhost:3000/_next/static/chunks/node_modules_next_dist_115brz8._.js:2477
[ 2837581ms] [WARNING] Please ensure that the container has a non-static position, like 'relative', 'fixed', or 'absolute' to ensure scroll offset is calculated correctly. @ http://localhost:3000/_next/static/chunks/node_modules_next_dist_115brz8._.js:2477
[ 2840879ms] [WARNING] The resource http://localhost:3000/HeroImages/ezgif-frame-001.jpg was preloaded using link preload but not used within a few seconds from the window's load event. Please make sure it has an appropriate `as` value and it is preloaded intentionally. @ http://localhost:3000/fr:0
[ 2851127ms] [WARNING] <link rel=preload> uses an unsupported `as` value @ http://localhost:3000/fr:0
[ 2851212ms] [INFO] %cDownload the React DevTools for a better development experience: https://react.dev/link/react-devtools font-weight:bold @ http://localhost:3000/_next/static/chunks/node_modules_next_dist_115brz8._.js:2477
[ 2851237ms] [LOG] [HMR] connected @ http://localhost:3000/_next/static/chunks/node_modules_next_dist_115brz8._.js:2477
[ 2851379ms] [WARNING] Please ensure that the container has a non-static position, like 'relative', 'fixed', or 'absolute' to ensure scroll offset is calculated correctly. @ http://localhost:3000/_next/static/chunks/node_modules_next_dist_115brz8._.js:2477
[ 2855592ms] [WARNING] The resource http://localhost:3000/HeroImages/ezgif-frame-001.jpg was preloaded using link preload but not used within a few seconds from the window's load event. Please make sure it has an appropriate `as` value and it is preloaded intentionally. @ http://localhost:3000/fr:0
[ 2859813ms] [WARNING] The resource http://localhost:3000/HeroImages/ezgif-frame-001.jpg was preloaded using link preload but not used within a few seconds from the window's load event. Please make sure it has an appropriate `as` value and it is preloaded intentionally. @ http://localhost:3000/fr:0
[ 2863226ms] [LOG] [Fast Refresh] rebuilding @ http://localhost:3000/_next/static/chunks/node_modules_next_dist_115brz8._.js:2477
[ 2863270ms] [LOG] [Fast Refresh] done in 145ms @ http://localhost:3000/_next/static/chunks/node_modules_next_dist_115brz8._.js:2477
[ 2863555ms] [WARNING] <link rel=preload> uses an unsupported `as` value @ http://localhost:3000/fr:0
[ 2863605ms] [INFO] %cDownload the React DevTools for a better development experience: https://react.dev/link/react-devtools font-weight:bold @ http://localhost:3000/_next/static/chunks/node_modules_next_dist_115brz8._.js:2477
[ 2863633ms] [LOG] [HMR] connected @ http://localhost:3000/_next/static/chunks/node_modules_next_dist_115brz8._.js:2477
[ 2863774ms] [WARNING] Please ensure that the container has a non-static position, like 'relative', 'fixed', or 'absolute' to ensure scroll offset is calculated correctly. @ http://localhost:3000/_next/static/chunks/node_modules_next_dist_115brz8._.js:2477
[ 2867022ms] [WARNING] The resource http://localhost:3000/HeroImages/ezgif-frame-001.jpg was preloaded using link preload but not used within a few seconds from the window's load event. Please make sure it has an appropriate `as` value and it is preloaded intentionally. @ http://localhost:3000/fr:0
[ 2884783ms] [WARNING] The resource http://localhost:3000/HeroImages/ezgif-frame-001.jpg was preloaded using link preload but not used within a few seconds from the window's load event. Please make sure it has an appropriate `as` value and it is preloaded intentionally. @ http://localhost:3000/fr:0
[ 2899934ms] [WARNING] The resource http://localhost:3000/HeroImages/ezgif-frame-001.jpg was preloaded using link preload but not used within a few seconds from the window's load event. Please make sure it has an appropriate `as` value and it is preloaded intentionally. @ http://localhost:3000/fr:0
[ 2904918ms] [WARNING] <link rel=preload> uses an unsupported `as` value @ http://localhost:3000/fr:0
[ 2904971ms] [INFO] %cDownload the React DevTools for a better development experience: https://react.dev/link/react-devtools font-weight:bold @ http://localhost:3000/_next/static/chunks/node_modules_next_dist_115brz8._.js:2477
[ 2905023ms] [LOG] [HMR] connected @ http://localhost:3000/_next/static/chunks/node_modules_next_dist_115brz8._.js:2477
[ 2905960ms] [WARNING] Please ensure that the container has a non-static position, like 'relative', 'fixed', or 'absolute' to ensure scroll offset is calculated correctly. @ http://localhost:3000/_next/static/chunks/node_modules_next_dist_115brz8._.js:2477
[ 2908682ms] [WARNING] The resource http://localhost:3000/HeroImages/ezgif-frame-001.jpg was preloaded using link preload but not used within a few seconds from the window's load event. Please make sure it has an appropriate `as` value and it is preloaded intentionally. @ http://localhost:3000/fr:0
[ 2923708ms] [WARNING] The resource http://localhost:3000/HeroImages/ezgif-frame-001.jpg was preloaded using link preload but not used within a few seconds from the window's load event. Please make sure it has an appropriate `as` value and it is preloaded intentionally. @ http://localhost:3000/fr:0
[ 2928030ms] [WARNING] The resource http://localhost:3000/HeroImages/ezgif-frame-001.jpg was preloaded using link preload but not used within a few seconds from the window's load event. Please make sure it has an appropriate `as` value and it is preloaded intentionally. @ http://localhost:3000/fr:0
[ 2942045ms] [WARNING] The resource http://localhost:3000/HeroImages/ezgif-frame-001.jpg was preloaded using link preload but not used within a few seconds from the window's load event. Please make sure it has an appropriate `as` value and it is preloaded intentionally. @ http://localhost:3000/fr:0
[ 2958028ms] [WARNING] The resource http://localhost:3000/HeroImages/ezgif-frame-001.jpg was preloaded using link preload but not used within a few seconds from the window's load event. Please make sure it has an appropriate `as` value and it is preloaded intentionally. @ http://localhost:3000/fr:0
[ 2969038ms] [WARNING] The resource http://localhost:3000/HeroImages/ezgif-frame-001.jpg was preloaded using link preload but not used within a few seconds from the window's load event. Please make sure it has an appropriate `as` value and it is preloaded intentionally. @ http://localhost:3000/fr:0
[ 2988104ms] [WARNING] The resource http://localhost:3000/HeroImages/ezgif-frame-001.jpg was preloaded using link preload but not used within a few seconds from the window's load event. Please make sure it has an appropriate `as` value and it is preloaded intentionally. @ http://localhost:3000/fr:0
[ 2996877ms] [WARNING] The resource http://localhost:3000/HeroImages/ezgif-frame-001.jpg was preloaded using link preload but not used within a few seconds from the window's load event. Please make sure it has an appropriate `as` value and it is preloaded intentionally. @ http://localhost:3000/fr:0
[ 3017949ms] [WARNING] The resource http://localhost:3000/HeroImages/ezgif-frame-001.jpg was preloaded using link preload but not used within a few seconds from the window's load event. Please make sure it has an appropriate `as` value and it is preloaded intentionally. @ http://localhost:3000/fr:0
[ 3040750ms] [LOG] [Fast Refresh] rebuilding @ http://localhost:3000/_next/static/chunks/node_modules_next_dist_115brz8._.js:2477
[ 3040873ms] [LOG] [Fast Refresh] done in 153ms @ http://localhost:3000/_next/static/chunks/node_modules_next_dist_115brz8._.js:2477
[ 3040982ms] [LOG] [Fast Refresh] rebuilding @ http://localhost:3000/_next/static/chunks/node_modules_next_dist_115brz8._.js:2477
[ 3041064ms] [LOG] [Fast Refresh] done in 189ms @ http://localhost:3000/_next/static/chunks/node_modules_next_dist_115brz8._.js:2477
[ 3044234ms] [WARNING] The resource http://localhost:3000/HeroImages/ezgif-frame-001.jpg was preloaded using link preload but not used within a few seconds from the window's load event. Please make sure it has an appropriate `as` value and it is preloaded intentionally. @ http://localhost:3000/fr:0
[ 3074731ms] [LOG] [Fast Refresh] rebuilding @ http://localhost:3000/_next/static/chunks/node_modules_next_dist_115brz8._.js:2477
[ 3074745ms] [LOG] [Fast Refresh] done in 119ms @ http://localhost:3000/_next/static/chunks/node_modules_next_dist_115brz8._.js:2477
[ 3075150ms] [WARNING] <link rel=preload> uses an unsupported `as` value @ http://localhost:3000/fr:0
[ 3075238ms] [INFO] %cDownload the React DevTools for a better development experience: https://react.dev/link/react-devtools font-weight:bold @ http://localhost:3000/_next/static/chunks/node_modules_next_dist_115brz8._.js:2477
[ 3075451ms] [LOG] [HMR] connected @ http://localhost:3000/_next/static/chunks/node_modules_next_dist_115brz8._.js:2477
[ 3076220ms] [WARNING] Please ensure that the container has a non-static position, like 'relative', 'fixed', or 'absolute' to ensure scroll offset is calculated correctly. @ http://localhost:3000/_next/static/chunks/node_modules_next_dist_115brz8._.js:2477
[ 3079336ms] [WARNING] The resource http://localhost:3000/HeroImages/ezgif-frame-001.jpg was preloaded using link preload but not used within a few seconds from the window's load event. Please make sure it has an appropriate `as` value and it is preloaded intentionally. @ http://localhost:3000/fr:0
[ 3094375ms] [WARNING] The resource http://localhost:3000/HeroImages/ezgif-frame-001.jpg was preloaded using link preload but not used within a few seconds from the window's load event. Please make sure it has an appropriate `as` value and it is preloaded intentionally. @ http://localhost:3000/fr:0
[ 3098277ms] [WARNING] The resource http://localhost:3000/HeroImages/ezgif-frame-001.jpg was preloaded using link preload but not used within a few seconds from the window's load event. Please make sure it has an appropriate `as` value and it is preloaded intentionally. @ http://localhost:3000/fr:0
[ 3112361ms] [WARNING] The resource http://localhost:3000/HeroImages/ezgif-frame-001.jpg was preloaded using link preload but not used within a few seconds from the window's load event. Please make sure it has an appropriate `as` value and it is preloaded intentionally. @ http://localhost:3000/fr:0
[ 3128481ms] [WARNING] The resource http://localhost:3000/HeroImages/ezgif-frame-001.jpg was preloaded using link preload but not used within a few seconds from the window's load event. Please make sure it has an appropriate `as` value and it is preloaded intentionally. @ http://localhost:3000/fr:0
[ 3139506ms] [WARNING] The resource http://localhost:3000/HeroImages/ezgif-frame-001.jpg was preloaded using link preload but not used within a few seconds from the window's load event. Please make sure it has an appropriate `as` value and it is preloaded intentionally. @ http://localhost:3000/fr:0
[ 3158261ms] [WARNING] The resource http://localhost:3000/HeroImages/ezgif-frame-001.jpg was preloaded using link preload but not used within a few seconds from the window's load event. Please make sure it has an appropriate `as` value and it is preloaded intentionally. @ http://localhost:3000/fr:0
[ 3167388ms] [WARNING] The resource http://localhost:3000/HeroImages/ezgif-frame-001.jpg was preloaded using link preload but not used within a few seconds from the window's load event. Please make sure it has an appropriate `as` value and it is preloaded intentionally. @ http://localhost:3000/fr:0
[ 3188127ms] [WARNING] The resource http://localhost:3000/HeroImages/ezgif-frame-001.jpg was preloaded using link preload but not used within a few seconds from the window's load event. Please make sure it has an appropriate `as` value and it is preloaded intentionally. @ http://localhost:3000/fr:0
[ 3429043ms] [LOG] [Fast Refresh] rebuilding @ http://localhost:3000/_next/static/chunks/node_modules_next_dist_115brz8._.js:2477
[ 3429336ms] [LOG] [Fast Refresh] done in 339ms @ http://localhost:3000/_next/static/chunks/node_modules_next_dist_115brz8._.js:2477
[ 3429496ms] [LOG] [Fast Refresh] rebuilding @ http://localhost:3000/_next/static/chunks/node_modules_next_dist_115brz8._.js:2477
[ 3429612ms] [LOG] [Fast Refresh] done in 236ms @ http://localhost:3000/_next/static/chunks/node_modules_next_dist_115brz8._.js:2477
[ 3432883ms] [WARNING] The resource http://localhost:3000/HeroImages/ezgif-frame-001.jpg was preloaded using link preload but not used within a few seconds from the window's load event. Please make sure it has an appropriate `as` value and it is preloaded intentionally. @ http://localhost:3000/fr:0
[ 3454315ms] [LOG] [Fast Refresh] rebuilding @ http://localhost:3000/_next/static/chunks/node_modules_next_dist_115brz8._.js:2477
[ 3454356ms] [LOG] [Fast Refresh] done in 147ms @ http://localhost:3000/_next/static/chunks/node_modules_next_dist_115brz8._.js:2477
[ 4345437ms] [LOG] [Fast Refresh] rebuilding @ http://localhost:3000/_next/static/chunks/node_modules_next_dist_115brz8._.js:2477
[ 4345761ms] [LOG] [Fast Refresh] done in 428ms @ http://localhost:3000/_next/static/chunks/node_modules_next_dist_115brz8._.js:2477
[ 4346028ms] [LOG] [Fast Refresh] rebuilding @ http://localhost:3000/_next/static/chunks/node_modules_next_dist_115brz8._.js:2477
[ 4346696ms] [LOG] [Fast Refresh] done in 793ms @ http://localhost:3000/_next/static/chunks/node_modules_next_dist_115brz8._.js:2477
[ 4346965ms] [LOG] [Fast Refresh] rebuilding @ http://localhost:3000/_next/static/chunks/node_modules_next_dist_115brz8._.js:2477
[ 4347180ms] [LOG] [Fast Refresh] done in 322ms @ http://localhost:3000/_next/static/chunks/node_modules_next_dist_115brz8._.js:2477
[ 4347295ms] [LOG] [Fast Refresh] rebuilding @ http://localhost:3000/_next/static/chunks/node_modules_next_dist_115brz8._.js:2477
[ 4347473ms] [LOG] [Fast Refresh] done in 291ms @ http://localhost:3000/_next/static/chunks/node_modules_next_dist_115brz8._.js:2477
[ 4350548ms] [WARNING] The resource http://localhost:3000/HeroImages/ezgif-frame-001.jpg was preloaded using link preload but not used within a few seconds from the window's load event. Please make sure it has an appropriate `as` value and it is preloaded intentionally. @ http://localhost:3000/fr:0
[ 4385358ms] [LOG] [Fast Refresh] rebuilding @ http://localhost:3000/_next/static/chunks/node_modules_next_dist_115brz8._.js:2477
[ 4385455ms] [LOG] [Fast Refresh] done in 131ms @ http://localhost:3000/_next/static/chunks/node_modules_next_dist_115brz8._.js:2477
[ 4385570ms] [LOG] [Fast Refresh] rebuilding @ http://localhost:3000/_next/static/chunks/node_modules_next_dist_115brz8._.js:2477
[ 4385792ms] [LOG] [Fast Refresh] done in 325ms @ http://localhost:3000/_next/static/chunks/node_modules_next_dist_115brz8._.js:2477
[ 4386183ms] [LOG] [Fast Refresh] rebuilding @ http://localhost:3000/_next/static/chunks/node_modules_next_dist_115brz8._.js:2477
[ 4386236ms] [LOG] [Fast Refresh] done in 158ms @ http://localhost:3000/_next/static/chunks/node_modules_next_dist_115brz8._.js:2477
[ 4389452ms] [WARNING] The resource http://localhost:3000/HeroImages/ezgif-frame-001.jpg was preloaded using link preload but not used within a few seconds from the window's load event. Please make sure it has an appropriate `as` value and it is preloaded intentionally. @ http://localhost:3000/fr:0
[ 4399113ms] [LOG] [Fast Refresh] rebuilding @ http://localhost:3000/_next/static/chunks/node_modules_next_dist_115brz8._.js:2477
[ 4399127ms] [LOG] [Fast Refresh] done in 457ms @ http://localhost:3000/_next/static/chunks/node_modules_next_dist_115brz8._.js:2477
[ 4399402ms] [LOG] [Fast Refresh] rebuilding @ http://localhost:3000/_next/static/chunks/node_modules_next_dist_115brz8._.js:2477
[ 4399472ms] [LOG] [Fast Refresh] done in 170ms @ http://localhost:3000/_next/static/chunks/node_modules_next_dist_115brz8._.js:2477
[ 4402523ms] [WARNING] The resource http://localhost:3000/HeroImages/ezgif-frame-001.jpg was preloaded using link preload but not used within a few seconds from the window's load event. Please make sure it has an appropriate `as` value and it is preloaded intentionally. @ http://localhost:3000/fr:0
[ 4425538ms] [LOG] [Fast Refresh] rebuilding @ http://localhost:3000/_next/static/chunks/node_modules_next_dist_115brz8._.js:2477
[ 4426209ms] [LOG] [Fast Refresh] done in 797ms @ http://localhost:3000/_next/static/chunks/node_modules_next_dist_115brz8._.js:2477
[ 4427990ms] [LOG] [Fast Refresh] rebuilding @ http://localhost:3000/_next/static/chunks/node_modules_next_dist_115brz8._.js:2477
[ 4428058ms] [LOG] [Fast Refresh] done in 173ms @ http://localhost:3000/_next/static/chunks/node_modules_next_dist_115brz8._.js:2477
[ 4668246ms] [LOG] [Fast Refresh] rebuilding @ http://localhost:3000/_next/static/chunks/node_modules_next_dist_115brz8._.js:2477
[ 4669109ms] [LOG] [Fast Refresh] done in 966ms @ http://localhost:3000/_next/static/chunks/node_modules_next_dist_115brz8._.js:2477
[ 4671578ms] [WARNING] The resource http://localhost:3000/HeroImages/ezgif-frame-001.jpg was preloaded using link preload but not used within a few seconds from the window's load event. Please make sure it has an appropriate `as` value and it is preloaded intentionally. @ http://localhost:3000/fr:0
[ 4673004ms] [LOG] [Fast Refresh] rebuilding @ http://localhost:3000/_next/static/chunks/node_modules_next_dist_115brz8._.js:2477
[ 4673016ms] [LOG] [Fast Refresh] done in 119ms @ http://localhost:3000/_next/static/chunks/node_modules_next_dist_115brz8._.js:2477
[ 4673372ms] [WARNING] <link rel=preload> uses an unsupported `as` value @ http://localhost:3000/fr:0
[ 4673468ms] [INFO] %cDownload the React DevTools for a better development experience: https://react.dev/link/react-devtools font-weight:bold @ http://localhost:3000/_next/static/chunks/node_modules_next_dist_115brz8._.js:2477
[ 4673633ms] [LOG] [HMR] connected @ http://localhost:3000/_next/static/chunks/node_modules_next_dist_115brz8._.js:2477
[ 4674432ms] [WARNING] Please ensure that the container has a non-static position, like 'relative', 'fixed', or 'absolute' to ensure scroll offset is calculated correctly. @ http://localhost:3000/_next/static/chunks/node_modules_next_dist_115brz8._.js:2477
[ 4675510ms] [INFO] %cDownload the React DevTools for a better development experience: https://react.dev/link/react-devtools font-weight:bold @ http://localhost:3000/_next/static/chunks/node_modules_next_dist_115brz8._.js:2477
[ 4675543ms] [LOG] [HMR] connected @ http://localhost:3000/_next/static/chunks/node_modules_next_dist_115brz8._.js:2477
[ 4676780ms] [WARNING] Please ensure that the container has a non-static position, like 'relative', 'fixed', or 'absolute' to ensure scroll offset is calculated correctly. @ http://localhost:3000/_next/static/chunks/node_modules_next_dist_115brz8._.js:2477
[ 4677553ms] [INFO] %cDownload the React DevTools for a better development experience: https://react.dev/link/react-devtools font-weight:bold @ http://localhost:3000/_next/static/chunks/node_modules_next_dist_115brz8._.js:2477
[ 4677588ms] [LOG] [HMR] connected @ http://localhost:3000/_next/static/chunks/node_modules_next_dist_115brz8._.js:2477
[ 4678656ms] [WARNING] Please ensure that the container has a non-static position, like 'relative', 'fixed', or 'absolute' to ensure scroll offset is calculated correctly. @ http://localhost:3000/_next/static/chunks/node_modules_next_dist_115brz8._.js:2477
[ 4679518ms] [INFO] %cDownload the React DevTools for a better development experience: https://react.dev/link/react-devtools font-weight:bold @ http://localhost:3000/_next/static/chunks/node_modules_next_dist_115brz8._.js:2477
[ 4679543ms] [LOG] [HMR] connected @ http://localhost:3000/_next/static/chunks/node_modules_next_dist_115brz8._.js:2477
[ 4680586ms] [WARNING] Please ensure that the container has a non-static position, like 'relative', 'fixed', or 'absolute' to ensure scroll offset is calculated correctly. @ http://localhost:3000/_next/static/chunks/node_modules_next_dist_115brz8._.js:2477
[ 4681449ms] [LOG] [Fast Refresh] rebuilding @ http://localhost:3000/_next/static/chunks/node_modules_next_dist_115brz8._.js:2477
[ 4681466ms] [LOG] [Fast Refresh] done in 127ms @ http://localhost:3000/_next/static/chunks/node_modules_next_dist_115brz8._.js:2477
[ 4682261ms] [INFO] %cDownload the React DevTools for a better development experience: https://react.dev/link/react-devtools font-weight:bold @ http://localhost:3000/_next/static/chunks/node_modules_next_dist_115brz8._.js:2477
[ 4682302ms] [LOG] [HMR] connected @ http://localhost:3000/_next/static/chunks/node_modules_next_dist_115brz8._.js:2477
[ 4682670ms] [LOG] [Fast Refresh] rebuilding @ http://localhost:3000/_next/static/chunks/node_modules_next_dist_115brz8._.js:2477
[ 4682758ms] [LOG] [Fast Refresh] done in 267ms @ http://localhost:3000/_next/static/chunks/node_modules_next_dist_115brz8._.js:2477
[ 4683305ms] [WARNING] Please ensure that the container has a non-static position, like 'relative', 'fixed', or 'absolute' to ensure scroll offset is calculated correctly. @ http://localhost:3000/_next/static/chunks/node_modules_next_dist_115brz8._.js:2477
[ 4684978ms] [INFO] %cDownload the React DevTools for a better development experience: https://react.dev/link/react-devtools font-weight:bold @ http://localhost:3000/_next/static/chunks/node_modules_next_dist_115brz8._.js:2477
[ 4684990ms] [LOG] [HMR] connected @ http://localhost:3000/_next/static/chunks/node_modules_next_dist_115brz8._.js:2477
[ 4686113ms] [WARNING] Please ensure that the container has a non-static position, like 'relative', 'fixed', or 'absolute' to ensure scroll offset is calculated correctly. @ http://localhost:3000/_next/static/chunks/node_modules_next_dist_115brz8._.js:2477
[ 4686955ms] [LOG] [Fast Refresh] rebuilding @ http://localhost:3000/_next/static/chunks/node_modules_next_dist_115brz8._.js:2477
[ 4688761ms] [LOG] [Fast Refresh] done in 1910ms @ http://localhost:3000/_next/static/chunks/node_modules_next_dist_115brz8._.js:2477
[ 4688945ms] [LOG] [Fast Refresh] rebuilding @ http://localhost:3000/_next/static/chunks/node_modules_next_dist_115brz8._.js:2477
[ 4689122ms] [LOG] [Fast Refresh] done in 294ms @ http://localhost:3000/_next/static/chunks/node_modules_next_dist_115brz8._.js:2477
[ 4689256ms] [LOG] [Fast Refresh] rebuilding @ http://localhost:3000/_next/static/chunks/node_modules_next_dist_115brz8._.js:2477
[ 4689532ms] [LOG] [Fast Refresh] done in 377ms @ http://localhost:3000/_next/static/chunks/node_modules_next_dist_115brz8._.js:2477
[ 4689671ms] [LOG] [Fast Refresh] rebuilding @ http://localhost:3000/_next/static/chunks/node_modules_next_dist_115brz8._.js:2477
[ 4689745ms] [LOG] [Fast Refresh] done in 177ms @ http://localhost:3000/_next/static/chunks/node_modules_next_dist_115brz8._.js:2477
[ 4690968ms] [INFO] %cDownload the React DevTools for a better development experience: https://react.dev/link/react-devtools font-weight:bold @ http://localhost:3000/_next/static/chunks/node_modules_next_dist_115brz8._.js:2477
[ 4691282ms] [LOG] [HMR] connected @ http://localhost:3000/_next/static/chunks/node_modules_next_dist_115brz8._.js:2477
[ 4693361ms] [WARNING] Please ensure that the container has a non-static position, like 'relative', 'fixed', or 'absolute' to ensure scroll offset is calculated correctly. @ http://localhost:3000/_next/static/chunks/node_modules_next_dist_115brz8._.js:2477
[ 4694228ms] [INFO] %cDownload the React DevTools for a better development experience: https://react.dev/link/react-devtools font-weight:bold @ http://localhost:3000/_next/static/chunks/node_modules_next_dist_115brz8._.js:2477
[ 4695037ms] [LOG] [HMR] connected @ http://localhost:3000/_next/static/chunks/node_modules_next_dist_115brz8._.js:2477
[ 4695912ms] [LOG] [Fast Refresh] rebuilding @ http://localhost:3000/_next/static/chunks/node_modules_next_dist_115brz8._.js:2477
[ 4695954ms] [LOG] [Fast Refresh] done in 156ms @ http://localhost:3000/_next/static/chunks/node_modules_next_dist_115brz8._.js:2477
[ 4696019ms] [WARNING] Please ensure that the container has a non-static position, like 'relative', 'fixed', or 'absolute' to ensure scroll offset is calculated correctly. @ http://localhost:3000/_next/static/chunks/node_modules_next_dist_115brz8._.js:2477
[ 4696917ms] [ERROR] Failed to load resource: the server responded with a status of 400 (Bad Request) @ http://localhost:3000/_next/image?url=%2Fabout-us-leaf.png&w=640&q=75:0
[ 4696919ms] [INFO] %cDownload the React DevTools for a better development experience: https://react.dev/link/react-devtools font-weight:bold @ http://localhost:3000/_next/static/chunks/node_modules_next_dist_115brz8._.js:2477
[ 4696949ms] [LOG] [HMR] connected @ http://localhost:3000/_next/static/chunks/node_modules_next_dist_115brz8._.js:2477
[ 4697117ms] [ERROR] Failed to load resource: the server responded with a status of 400 (Bad Request) @ http://localhost:3000/_next/image?url=%2Fabout-us-leaf.png&w=640&q=75:0
[ 4698053ms] [WARNING] Please ensure that the container has a non-static position, like 'relative', 'fixed', or 'absolute' to ensure scroll offset is calculated correctly. @ http://localhost:3000/_next/static/chunks/node_modules_next_dist_115brz8._.js:2477
[ 4698999ms] [INFO] %cDownload the React DevTools for a better development experience: https://react.dev/link/react-devtools font-weight:bold @ http://localhost:3000/_next/static/chunks/node_modules_next_dist_115brz8._.js:2477
[ 4699029ms] [LOG] [HMR] connected @ http://localhost:3000/_next/static/chunks/node_modules_next_dist_115brz8._.js:2477
[ 4699995ms] [WARNING] Please ensure that the container has a non-static position, like 'relative', 'fixed', or 'absolute' to ensure scroll offset is calculated correctly. @ http://localhost:3000/_next/static/chunks/node_modules_next_dist_115brz8._.js:2477
[ 4701295ms] [WARNING] <link rel=preload> uses an unsupported `as` value @ http://localhost:3000/fr:0
[ 4701377ms] [INFO] %cDownload the React DevTools for a better development experience: https://react.dev/link/react-devtools font-weight:bold @ http://localhost:3000/_next/static/chunks/node_modules_next_dist_115brz8._.js:2477
[ 4701491ms] [LOG] [HMR] connected @ http://localhost:3000/_next/static/chunks/node_modules_next_dist_115brz8._.js:2477
[ 4702373ms] [WARNING] Please ensure that the container has a non-static position, like 'relative', 'fixed', or 'absolute' to ensure scroll offset is calculated correctly. @ http://localhost:3000/_next/static/chunks/node_modules_next_dist_115brz8._.js:2477
[ 4703375ms] [INFO] %cDownload the React DevTools for a better development experience: https://react.dev/link/react-devtools font-weight:bold @ http://localhost:3000/_next/static/chunks/node_modules_next_dist_115brz8._.js:2477
[ 4703387ms] [LOG] [HMR] connected @ http://localhost:3000/_next/static/chunks/node_modules_next_dist_115brz8._.js:2477
[ 4704428ms] [WARNING] Please ensure that the container has a non-static position, like 'relative', 'fixed', or 'absolute' to ensure scroll offset is calculated correctly. @ http://localhost:3000/_next/static/chunks/node_modules_next_dist_115brz8._.js:2477
[ 4705453ms] [LOG] [Fast Refresh] rebuilding @ http://localhost:3000/_next/static/chunks/node_modules_next_dist_115brz8._.js:2477
[ 4705531ms] [LOG] [Fast Refresh] done in 185ms @ http://localhost:3000/_next/static/chunks/node_modules_next_dist_115brz8._.js:2477
[ 4705691ms] [INFO] %cDownload the React DevTools for a better development experience: https://react.dev/link/react-devtools font-weight:bold @ http://localhost:3000/_next/static/chunks/node_modules_next_dist_115brz8._.js:2477
[ 4705703ms] [LOG] [HMR] connected @ http://localhost:3000/_next/static/chunks/node_modules_next_dist_115brz8._.js:2477
[ 4706801ms] [WARNING] Please ensure that the container has a non-static position, like 'relative', 'fixed', or 'absolute' to ensure scroll offset is calculated correctly. @ http://localhost:3000/_next/static/chunks/node_modules_next_dist_115brz8._.js:2477
[ 4707750ms] [INFO] %cDownload the React DevTools for a better development experience: https://react.dev/link/react-devtools font-weight:bold @ http://localhost:3000/_next/static/chunks/node_modules_next_dist_115brz8._.js:2477
[ 4707762ms] [LOG] [HMR] connected @ http://localhost:3000/_next/static/chunks/node_modules_next_dist_115brz8._.js:2477
[ 4708779ms] [WARNING] Please ensure that the container has a non-static position, like 'relative', 'fixed', or 'absolute' to ensure scroll offset is calculated correctly. @ http://localhost:3000/_next/static/chunks/node_modules_next_dist_115brz8._.js:2477
[ 4709725ms] [INFO] %cDownload the React DevTools for a better development experience: https://react.dev/link/react-devtools font-weight:bold @ http://localhost:3000/_next/static/chunks/node_modules_next_dist_115brz8._.js:2477
[ 4709759ms] [LOG] [HMR] connected @ http://localhost:3000/_next/static/chunks/node_modules_next_dist_115brz8._.js:2477
[ 4710950ms] [WARNING] Please ensure that the container has a non-static position, like 'relative', 'fixed', or 'absolute' to ensure scroll offset is calculated correctly. @ http://localhost:3000/_next/static/chunks/node_modules_next_dist_115brz8._.js:2477
[ 4711770ms] [LOG] [Fast Refresh] rebuilding @ http://localhost:3000/_next/static/chunks/node_modules_next_dist_115brz8._.js:2477
[ 4711779ms] [LOG] [Fast Refresh] done in 116ms @ http://localhost:3000/_next/static/chunks/node_modules_next_dist_115brz8._.js:2477
[ 4711909ms] [INFO] %cDownload the React DevTools for a better development experience: https://react.dev/link/react-devtools font-weight:bold @ http://localhost:3000/_next/static/chunks/node_modules_next_dist_115brz8._.js:2477
[ 4711935ms] [LOG] [HMR] connected @ http://localhost:3000/_next/static/chunks/node_modules_next_dist_115brz8._.js:2477
[ 4712977ms] [WARNING] Please ensure that the container has a non-static position, like 'relative', 'fixed', or 'absolute' to ensure scroll offset is calculated correctly. @ http://localhost:3000/_next/static/chunks/node_modules_next_dist_115brz8._.js:2477
[ 4714205ms] [INFO] %cDownload the React DevTools for a better development experience: https://react.dev/link/react-devtools font-weight:bold @ http://localhost:3000/_next/static/chunks/node_modules_next_dist_115brz8._.js:2477
[ 4714550ms] [LOG] [HMR] connected @ http://localhost:3000/_next/static/chunks/node_modules_next_dist_115brz8._.js:2477
[ 4715598ms] [WARNING] Please ensure that the container has a non-static position, like 'relative', 'fixed', or 'absolute' to ensure scroll offset is calculated correctly. @ http://localhost:3000/_next/static/chunks/node_modules_next_dist_115brz8._.js:2477
[ 4716298ms] [LOG] [Fast Refresh] rebuilding @ http://localhost:3000/_next/static/chunks/node_modules_next_dist_115brz8._.js:2477
[ 4716304ms] [LOG] [Fast Refresh] done in 121ms @ http://localhost:3000/_next/static/chunks/node_modules_next_dist_115brz8._.js:2477
[ 4716467ms] [INFO] %cDownload the React DevTools for a better development experience: https://react.dev/link/react-devtools font-weight:bold @ http://localhost:3000/_next/static/chunks/node_modules_next_dist_115brz8._.js:2477
[ 4716503ms] [LOG] [HMR] connected @ http://localhost:3000/_next/static/chunks/node_modules_next_dist_115brz8._.js:2477
[ 4717528ms] [WARNING] Please ensure that the container has a non-static position, like 'relative', 'fixed', or 'absolute' to ensure scroll offset is calculated correctly. @ http://localhost:3000/_next/static/chunks/node_modules_next_dist_115brz8._.js:2477
[ 4718614ms] [ERROR] Failed to load resource: the server responded with a status of 400 (Bad Request) @ http://localhost:3000/_next/image?url=%2Fabout-us-leaf.png&w=828&q=75:0
[ 4718629ms] [INFO] %cDownload the React DevTools for a better development experience: https://react.dev/link/react-devtools font-weight:bold @ http://localhost:3000/_next/static/chunks/node_modules_next_dist_115brz8._.js:2477
[ 4718716ms] [LOG] [HMR] connected @ http://localhost:3000/_next/static/chunks/node_modules_next_dist_115brz8._.js:2477
[ 4719166ms] [ERROR] Failed to load resource: the server responded with a status of 400 (Bad Request) @ http://localhost:3000/_next/image?url=%2Fabout-us-leaf.png&w=828&q=75:0
[ 4720075ms] [WARNING] Please ensure that the container has a non-static position, like 'relative', 'fixed', or 'absolute' to ensure scroll offset is calculated correctly. @ http://localhost:3000/_next/static/chunks/node_modules_next_dist_115brz8._.js:2477
[ 4720606ms] [LOG] [Fast Refresh] rebuilding @ http://localhost:3000/_next/static/chunks/node_modules_next_dist_115brz8._.js:2477
[ 4720768ms] [LOG] [Fast Refresh] done in 275ms @ http://localhost:3000/_next/static/chunks/node_modules_next_dist_115brz8._.js:2477
[ 4720962ms] [INFO] %cDownload the React DevTools for a better development experience: https://react.dev/link/react-devtools font-weight:bold @ http://localhost:3000/_next/static/chunks/node_modules_next_dist_115brz8._.js:2477
[ 4721001ms] [LOG] [HMR] connected @ http://localhost:3000/_next/static/chunks/node_modules_next_dist_115brz8._.js:2477
[ 4722019ms] [WARNING] Please ensure that the container has a non-static position, like 'relative', 'fixed', or 'absolute' to ensure scroll offset is calculated correctly. @ http://localhost:3000/_next/static/chunks/node_modules_next_dist_115brz8._.js:2477
[ 4723026ms] [WARNING] <link rel=preload> uses an unsupported `as` value @ http://localhost:3000/fr:0
[ 4723072ms] [INFO] %cDownload the React DevTools for a better development experience: https://react.dev/link/react-devtools font-weight:bold @ http://localhost:3000/_next/static/chunks/node_modules_next_dist_115brz8._.js:2477
[ 4723101ms] [LOG] [HMR] connected @ http://localhost:3000/_next/static/chunks/node_modules_next_dist_115brz8._.js:2477
[ 4724153ms] [WARNING] Please ensure that the container has a non-static position, like 'relative', 'fixed', or 'absolute' to ensure scroll offset is calculated correctly. @ http://localhost:3000/_next/static/chunks/node_modules_next_dist_115brz8._.js:2477
[ 4725630ms] [INFO] %cDownload the React DevTools for a better development experience: https://react.dev/link/react-devtools font-weight:bold @ http://localhost:3000/_next/static/chunks/node_modules_next_dist_115brz8._.js:2477
[ 4725641ms] [LOG] [HMR] connected @ http://localhost:3000/_next/static/chunks/node_modules_next_dist_115brz8._.js:2477
[ 4726709ms] [WARNING] Please ensure that the container has a non-static position, like 'relative', 'fixed', or 'absolute' to ensure scroll offset is calculated correctly. @ http://localhost:3000/_next/static/chunks/node_modules_next_dist_115brz8._.js:2477
[ 4727746ms] [INFO] %cDownload the React DevTools for a better development experience: https://react.dev/link/react-devtools font-weight:bold @ http://localhost:3000/_next/static/chunks/node_modules_next_dist_115brz8._.js:2477
[ 4727784ms] [LOG] [HMR] connected @ http://localhost:3000/_next/static/chunks/node_modules_next_dist_115brz8._.js:2477
[ 4728929ms] [WARNING] Please ensure that the container has a non-static position, like 'relative', 'fixed', or 'absolute' to ensure scroll offset is calculated correctly. @ http://localhost:3000/_next/static/chunks/node_modules_next_dist_115brz8._.js:2477
[ 4729657ms] [LOG] [Fast Refresh] rebuilding @ http://localhost:3000/_next/static/chunks/node_modules_next_dist_115brz8._.js:2477
[ 4729675ms] [LOG] [Fast Refresh] done in 129ms @ http://localhost:3000/_next/static/chunks/node_modules_next_dist_115brz8._.js:2477
[ 4729970ms] [INFO] %cDownload the React DevTools for a better development experience: https://react.dev/link/react-devtools font-weight:bold @ http://localhost:3000/_next/static/chunks/node_modules_next_dist_115brz8._.js:2477
[ 4729981ms] [LOG] [HMR] connected @ http://localhost:3000/_next/static/chunks/node_modules_next_dist_115brz8._.js:2477
[ 4731085ms] [WARNING] Please ensure that the container has a non-static position, like 'relative', 'fixed', or 'absolute' to ensure scroll offset is calculated correctly. @ http://localhost:3000/_next/static/chunks/node_modules_next_dist_115brz8._.js:2477
[ 4732238ms] [INFO] %cDownload the React DevTools for a better development experience: https://react.dev/link/react-devtools font-weight:bold @ http://localhost:3000/_next/static/chunks/node_modules_next_dist_115brz8._.js:2477
[ 4732261ms] [LOG] [HMR] connected @ http://localhost:3000/_next/static/chunks/node_modules_next_dist_115brz8._.js:2477
[ 4733472ms] [WARNING] Please ensure that the container has a non-static position, like 'relative', 'fixed', or 'absolute' to ensure scroll offset is calculated correctly. @ http://localhost:3000/_next/static/chunks/node_modules_next_dist_115brz8._.js:2477
[ 4734210ms] [LOG] [Fast Refresh] rebuilding @ http://localhost:3000/_next/static/chunks/node_modules_next_dist_115brz8._.js:2477
[ 4734211ms] [LOG] [Fast Refresh] done in 103ms @ http://localhost:3000/_next/static/chunks/node_modules_next_dist_115brz8._.js:2477
[ 4734451ms] [INFO] %cDownload the React DevTools for a better development experience: https://react.dev/link/react-devtools font-weight:bold @ http://localhost:3000/_next/static/chunks/node_modules_next_dist_115brz8._.js:2477
[ 4734474ms] [LOG] [HMR] connected @ http://localhost:3000/_next/static/chunks/node_modules_next_dist_115brz8._.js:2477
[ 4735488ms] [WARNING] Please ensure that the container has a non-static position, like 'relative', 'fixed', or 'absolute' to ensure scroll offset is calculated correctly. @ http://localhost:3000/_next/static/chunks/node_modules_next_dist_115brz8._.js:2477
[ 4736344ms] [LOG] [Fast Refresh] rebuilding @ http://localhost:3000/_next/static/chunks/node_modules_next_dist_115brz8._.js:2477
[ 4736477ms] [LOG] [Fast Refresh] done in 244ms @ http://localhost:3000/_next/static/chunks/node_modules_next_dist_115brz8._.js:2477
[ 4736581ms] [INFO] %cDownload the React DevTools for a better development experience: https://react.dev/link/react-devtools font-weight:bold @ http://localhost:3000/_next/static/chunks/node_modules_next_dist_115brz8._.js:2477
[ 4736597ms] [LOG] [HMR] connected @ http://localhost:3000/_next/static/chunks/node_modules_next_dist_115brz8._.js:2477
[ 4737829ms] [WARNING] Please ensure that the container has a non-static position, like 'relative', 'fixed', or 'absolute' to ensure scroll offset is calculated correctly. @ http://localhost:3000/_next/static/chunks/node_modules_next_dist_115brz8._.js:2477
[ 4738603ms] [INFO] %cDownload the React DevTools for a better development experience: https://react.dev/link/react-devtools font-weight:bold @ http://localhost:3000/_next/static/chunks/node_modules_next_dist_115brz8._.js:2477
[ 4738630ms] [LOG] [HMR] connected @ http://localhost:3000/_next/static/chunks/node_modules_next_dist_115brz8._.js:2477
[ 4739638ms] [WARNING] Please ensure that the container has a non-static position, like 'relative', 'fixed', or 'absolute' to ensure scroll offset is calculated correctly. @ http://localhost:3000/_next/static/chunks/node_modules_next_dist_115brz8._.js:2477
[ 4740487ms] [ERROR] Failed to load resource: the server responded with a status of 400 (Bad Request) @ http://localhost:3000/_next/image?url=%2Fabout-us-leaf.png&w=1920&q=75:0
[ 4740495ms] [INFO] %cDownload the React DevTools for a better development experience: https://react.dev/link/react-devtools font-weight:bold @ http://localhost:3000/_next/static/chunks/node_modules_next_dist_115brz8._.js:2477
[ 4740511ms] [LOG] [HMR] connected @ http://localhost:3000/_next/static/chunks/node_modules_next_dist_115brz8._.js:2477
[ 4740602ms] [ERROR] Failed to load resource: the server responded with a status of 400 (Bad Request) @ http://localhost:3000/_next/image?url=%2Fabout-us-leaf.png&w=1920&q=75:0
[ 4741539ms] [WARNING] Please ensure that the container has a non-static position, like 'relative', 'fixed', or 'absolute' to ensure scroll offset is calculated correctly. @ http://localhost:3000/_next/static/chunks/node_modules_next_dist_115brz8._.js:2477
[ 4742446ms] [INFO] %cDownload the React DevTools for a better development experience: https://react.dev/link/react-devtools font-weight:bold @ http://localhost:3000/_next/static/chunks/node_modules_next_dist_115brz8._.js:2477
[ 4742467ms] [LOG] [HMR] connected @ http://localhost:3000/_next/static/chunks/node_modules_next_dist_115brz8._.js:2477
[ 4743441ms] [WARNING] Please ensure that the container has a non-static position, like 'relative', 'fixed', or 'absolute' to ensure scroll offset is calculated correctly. @ http://localhost:3000/_next/static/chunks/node_modules_next_dist_115brz8._.js:2477
[ 4749208ms] [WARNING] Image with src "/_next/static/media/logo-black.109rb2jg62jzh.svg" was detected as the Largest Contentful Paint (LCP). Please add the `loading="eager"` property if this image is above the fold.
Read more: https://nextjs.org/docs/app/api-reference/components/image#loading @ http://localhost:3000/_next/static/chunks/node_modules_next_dist_115brz8._.js:2477
[ 4763535ms] [WARNING] <link rel=preload> uses an unsupported `as` value @ http://localhost:3000/fr:0
[ 4763588ms] [INFO] %cDownload the React DevTools for a better development experience: https://react.dev/link/react-devtools font-weight:bold @ http://localhost:3000/_next/static/chunks/node_modules_next_dist_115brz8._.js:2477
[ 4763648ms] [LOG] [HMR] connected @ http://localhost:3000/_next/static/chunks/node_modules_next_dist_115brz8._.js:2477
[ 4764581ms] [WARNING] Please ensure that the container has a non-static position, like 'relative', 'fixed', or 'absolute' to ensure scroll offset is calculated correctly. @ http://localhost:3000/_next/static/chunks/node_modules_next_dist_115brz8._.js:2477
[ 4767352ms] [WARNING] The resource http://localhost:3000/HeroImages/ezgif-frame-001.jpg was preloaded using link preload but not used within a few seconds from the window's load event. Please make sure it has an appropriate `as` value and it is preloaded intentionally. @ http://localhost:3000/fr:0
[ 4782966ms] [WARNING] The resource http://localhost:3000/HeroImages/ezgif-frame-001.jpg was preloaded using link preload but not used within a few seconds from the window's load event. Please make sure it has an appropriate `as` value and it is preloaded intentionally. @ http://localhost:3000/fr:0
[ 4791388ms] [INFO] %cDownload the React DevTools for a better development experience: https://react.dev/link/react-devtools font-weight:bold @ http://localhost:3000/_next/static/chunks/node_modules_next_dist_115brz8._.js:2477
[ 4791480ms] [LOG] [HMR] connected @ http://localhost:3000/_next/static/chunks/node_modules_next_dist_115brz8._.js:2477
[ 4792503ms] [WARNING] Please ensure that the container has a non-static position, like 'relative', 'fixed', or 'absolute' to ensure scroll offset is calculated correctly. @ http://localhost:3000/_next/static/chunks/node_modules_next_dist_115brz8._.js:2477
[ 4794936ms] [LOG] [Fast Refresh] rebuilding @ http://localhost:3000/_next/static/chunks/node_modules_next_dist_115brz8._.js:2477
[ 4795758ms] [LOG] [Fast Refresh] done in 996ms @ http://localhost:3000/_next/static/chunks/node_modules_next_dist_115brz8._.js:2477
[ 4798865ms] [WARNING] Image with src "/_next/static/media/logo-black.109rb2jg62jzh.svg" was detected as the Largest Contentful Paint (LCP). Please add the `loading="eager"` property if this image is above the fold.
Read more: https://nextjs.org/docs/app/api-reference/components/image#loading @ http://localhost:3000/_next/static/chunks/node_modules_next_dist_115brz8._.js:2477
[ 4837536ms] [LOG] [Fast Refresh] rebuilding @ http://localhost:3000/_next/static/chunks/node_modules_next_dist_115brz8._.js:2477
[ 4837631ms] [LOG] [Fast Refresh] done in 235ms @ http://localhost:3000/_next/static/chunks/node_modules_next_dist_115brz8._.js:2477
[ 4839276ms] [LOG] [Fast Refresh] rebuilding @ http://localhost:3000/_next/static/chunks/node_modules_next_dist_115brz8._.js:2477
[ 4840068ms] [LOG] [Fast Refresh] done in 1051ms @ http://localhost:3000/_next/static/chunks/node_modules_next_dist_115brz8._.js:2477
[ 4841968ms] [LOG] [Fast Refresh] rebuilding @ http://localhost:3000/_next/static/chunks/node_modules_next_dist_115brz8._.js:2477
[ 4841981ms] [LOG] [Fast Refresh] done in 831ms @ http://localhost:3000/_next/static/chunks/node_modules_next_dist_115brz8._.js:2477
[ 4843890ms] [LOG] [Fast Refresh] rebuilding @ http://localhost:3000/_next/static/chunks/node_modules_next_dist_115brz8._.js:2477
[ 4845005ms] [LOG] [Fast Refresh] done in 1237ms @ http://localhost:3000/_next/static/chunks/node_modules_next_dist_115brz8._.js:2477
[ 4845119ms] [LOG] [Fast Refresh] rebuilding @ http://localhost:3000/_next/static/chunks/node_modules_next_dist_115brz8._.js:2477
[ 4849225ms] [LOG] [Fast Refresh] done in 4217ms @ http://localhost:3000/_next/static/chunks/node_modules_next_dist_115brz8._.js:2477
[ 4849512ms] [LOG] [Fast Refresh] rebuilding @ http://localhost:3000/_next/static/chunks/node_modules_next_dist_115brz8._.js:2477
[ 4849709ms] [LOG] [Fast Refresh] done in 309ms @ http://localhost:3000/_next/static/chunks/node_modules_next_dist_115brz8._.js:2477
[ 4850124ms] [LOG] [Fast Refresh] rebuilding @ http://localhost:3000/_next/static/chunks/node_modules_next_dist_115brz8._.js:2477
[ 4850175ms] [LOG] [Fast Refresh] done in 186ms @ http://localhost:3000/_next/static/chunks/node_modules_next_dist_115brz8._.js:2477
[ 4852920ms] [LOG] [Fast Refresh] rebuilding @ http://localhost:3000/_next/static/chunks/node_modules_next_dist_115brz8._.js:2477
[ 4854034ms] [LOG] [Fast Refresh] done in 1220ms @ http://localhost:3000/_next/static/chunks/node_modules_next_dist_115brz8._.js:2477
[ 4854587ms] [LOG] [Fast Refresh] rebuilding @ http://localhost:3000/_next/static/chunks/node_modules_next_dist_115brz8._.js:2477
[ 4855215ms] [LOG] [Fast Refresh] done in 744ms @ http://localhost:3000/_next/static/chunks/node_modules_next_dist_115brz8._.js:2477
[ 4869575ms] [LOG] [Fast Refresh] rebuilding @ http://localhost:3000/_next/static/chunks/node_modules_next_dist_115brz8._.js:2477
[ 4869651ms] [LOG] [Fast Refresh] done in 202ms @ http://localhost:3000/_next/static/chunks/node_modules_next_dist_115brz8._.js:2477
[ 4872899ms] [LOG] [Fast Refresh] rebuilding @ http://localhost:3000/_next/static/chunks/node_modules_next_dist_115brz8._.js:2477
[ 4872899ms] [LOG] [Fast Refresh] done in 126ms @ http://localhost:3000/_next/static/chunks/node_modules_next_dist_115brz8._.js:2477
[ 4873971ms] [LOG] [Fast Refresh] rebuilding @ http://localhost:3000/_next/static/chunks/node_modules_next_dist_115brz8._.js:2477
[ 4874064ms] [LOG] [Fast Refresh] done in 203ms @ http://localhost:3000/_next/static/chunks/node_modules_next_dist_115brz8._.js:2477
[ 4875544ms] [LOG] [Fast Refresh] rebuilding @ http://localhost:3000/_next/static/chunks/node_modules_next_dist_115brz8._.js:2477
[ 4875766ms] [LOG] [Fast Refresh] done in 380ms @ http://localhost:3000/_next/static/chunks/node_modules_next_dist_115brz8._.js:2477
[ 4878240ms] [LOG] [Fast Refresh] rebuilding @ http://localhost:3000/_next/static/chunks/node_modules_next_dist_115brz8._.js:2477
[ 4878240ms] [LOG] [Fast Refresh] done in 194ms @ http://localhost:3000/_next/static/chunks/node_modules_next_dist_115brz8._.js:2477
[ 4878494ms] [LOG] [Fast Refresh] rebuilding @ http://localhost:3000/_next/static/chunks/node_modules_next_dist_115brz8._.js:2477
[ 4878495ms] [LOG] [Fast Refresh] done in 220ms @ http://localhost:3000/_next/static/chunks/node_modules_next_dist_115brz8._.js:2477
[ 4879242ms] [LOG] [Fast Refresh] rebuilding @ http://localhost:3000/_next/static/chunks/node_modules_next_dist_115brz8._.js:2477
[ 4879242ms] [LOG] [Fast Refresh] done in 298ms @ http://localhost:3000/_next/static/chunks/node_modules_next_dist_115brz8._.js:2477
[ 4880412ms] [LOG] [Fast Refresh] rebuilding @ http://localhost:3000/_next/static/chunks/node_modules_next_dist_115brz8._.js:2477
[ 4883000ms] [LOG] [Fast Refresh] done in 2900ms @ http://localhost:3000/_next/static/chunks/node_modules_next_dist_115brz8._.js:2477
[ 4884994ms] [LOG] [Fast Refresh] rebuilding @ http://localhost:3000/_next/static/chunks/node_modules_next_dist_115brz8._.js:2477
[ 4884996ms] [LOG] [Fast Refresh] done in 192ms @ http://localhost:3000/_next/static/chunks/node_modules_next_dist_115brz8._.js:2477
[ 4886991ms] [LOG] [Fast Refresh] rebuilding @ http://localhost:3000/_next/static/chunks/node_modules_next_dist_115brz8._.js:2477
[ 4886992ms] [LOG] [Fast Refresh] done in 115ms @ http://localhost:3000/_next/static/chunks/node_modules_next_dist_115brz8._.js:2477
[ 4888529ms] [LOG] [Fast Refresh] rebuilding @ http://localhost:3000/_next/static/chunks/node_modules_next_dist_115brz8._.js:2477
[ 4888576ms] [LOG] [Fast Refresh] done in 151ms @ http://localhost:3000/_next/static/chunks/node_modules_next_dist_115brz8._.js:2477
[ 4914510ms] [LOG] [Fast Refresh] rebuilding @ http://localhost:3000/_next/static/chunks/node_modules_next_dist_115brz8._.js:2477
[ 4914511ms] [LOG] [Fast Refresh] done in 2775ms @ http://localhost:3000/_next/static/chunks/node_modules_next_dist_115brz8._.js:2477
[ 4925341ms] [LOG] [Fast Refresh] rebuilding @ http://localhost:3000/_next/static/chunks/node_modules_next_dist_115brz8._.js:2477
[ 4925522ms] [LOG] [Fast Refresh] done in 287ms @ http://localhost:3000/_next/static/chunks/node_modules_next_dist_115brz8._.js:2477
[ 4925670ms] [LOG] [Fast Refresh] rebuilding @ http://localhost:3000/_next/static/chunks/node_modules_next_dist_115brz8._.js:2477
[ 4928524ms] [LOG] [Fast Refresh] done in 2960ms @ http://localhost:3000/_next/static/chunks/node_modules_next_dist_115brz8._.js:2477
[ 4942929ms] [LOG] [Fast Refresh] rebuilding @ http://localhost:3000/_next/static/chunks/node_modules_next_dist_115brz8._.js:2477
[ 4943043ms] [LOG] [Fast Refresh] done in 230ms @ http://localhost:3000/_next/static/chunks/node_modules_next_dist_115brz8._.js:2477
[ 4943398ms] [LOG] [Fast Refresh] rebuilding @ http://localhost:3000/_next/static/chunks/node_modules_next_dist_115brz8._.js:2477
[ 4943467ms] [LOG] [Fast Refresh] done in 174ms @ http://localhost:3000/_next/static/chunks/node_modules_next_dist_115brz8._.js:2477
[ 4969571ms] [LOG] [Fast Refresh] rebuilding @ http://localhost:3000/_next/static/chunks/node_modules_next_dist_115brz8._.js:2477
[ 4969574ms] [LOG] [Fast Refresh] done in 119ms @ http://localhost:3000/_next/static/chunks/node_modules_next_dist_115brz8._.js:2477
[ 4971095ms] [LOG] [Fast Refresh] rebuilding @ http://localhost:3000/_next/static/chunks/node_modules_next_dist_115brz8._.js:2477
[ 4971768ms] [LOG] [Fast Refresh] done in 930ms @ http://localhost:3000/_next/static/chunks/node_modules_next_dist_115brz8._.js:2477
[ 4975769ms] [LOG] [Fast Refresh] rebuilding @ http://localhost:3000/_next/static/chunks/node_modules_next_dist_115brz8._.js:2477
[ 4975769ms] [LOG] [Fast Refresh] done in 605ms @ http://localhost:3000/_next/static/chunks/node_modules_next_dist_115brz8._.js:2477
[ 4985446ms] [LOG] [Fast Refresh] rebuilding @ http://localhost:3000/_next/static/chunks/node_modules_next_dist_115brz8._.js:2477
[ 4985477ms] [LOG] [Fast Refresh] done in 119ms @ http://localhost:3000/_next/static/chunks/node_modules_next_dist_115brz8._.js:2477
[ 4988848ms] [LOG] [Fast Refresh] rebuilding @ http://localhost:3000/_next/static/chunks/node_modules_next_dist_115brz8._.js:2477
[ 4988991ms] [LOG] [Fast Refresh] done in 258ms @ http://localhost:3000/_next/static/chunks/node_modules_next_dist_115brz8._.js:2477
[ 5008429ms] [LOG] [Fast Refresh] rebuilding @ http://localhost:3000/_next/static/chunks/node_modules_next_dist_115brz8._.js:2477
[ 5008501ms] [LOG] [Fast Refresh] done in 205ms @ http://localhost:3000/_next/static/chunks/node_modules_next_dist_115brz8._.js:2477
[ 5018538ms] [LOG] [Fast Refresh] rebuilding @ http://localhost:3000/_next/static/chunks/node_modules_next_dist_115brz8._.js:2477
[ 5018543ms] [LOG] [Fast Refresh] done in 126ms @ http://localhost:3000/_next/static/chunks/node_modules_next_dist_115brz8._.js:2477
[ 5024291ms] [LOG] [Fast Refresh] rebuilding @ http://localhost:3000/_next/static/chunks/node_modules_next_dist_115brz8._.js:2477
[ 5024291ms] [LOG] [Fast Refresh] done in 102ms @ http://localhost:3000/_next/static/chunks/node_modules_next_dist_115brz8._.js:2477
[ 5040752ms] [LOG] [Fast Refresh] rebuilding @ http://localhost:3000/_next/static/chunks/node_modules_next_dist_115brz8._.js:2477
[ 5040761ms] [LOG] [Fast Refresh] done in 125ms @ http://localhost:3000/_next/static/chunks/node_modules_next_dist_115brz8._.js:2477
[ 5042646ms] [LOG] [Fast Refresh] rebuilding @ http://localhost:3000/_next/static/chunks/node_modules_next_dist_115brz8._.js:2477
[ 5042733ms] [LOG] [Fast Refresh] done in 196ms @ http://localhost:3000/_next/static/chunks/node_modules_next_dist_115brz8._.js:2477
[ 5045569ms] [LOG] [Fast Refresh] rebuilding @ http://localhost:3000/_next/static/chunks/node_modules_next_dist_115brz8._.js:2477
[ 5045571ms] [LOG] [Fast Refresh] done in 343ms @ http://localhost:3000/_next/static/chunks/node_modules_next_dist_115brz8._.js:2477
[ 5046147ms] [LOG] [Fast Refresh] rebuilding @ http://localhost:3000/_next/static/chunks/node_modules_next_dist_115brz8._.js:2477
[ 5046154ms] [LOG] [Fast Refresh] done in 110ms @ http://localhost:3000/_next/static/chunks/node_modules_next_dist_115brz8._.js:2477
[ 5048034ms] [LOG] [Fast Refresh] rebuilding @ http://localhost:3000/_next/static/chunks/node_modules_next_dist_115brz8._.js:2477
[ 5048082ms] [LOG] [Fast Refresh] done in 156ms @ http://localhost:3000/_next/static/chunks/node_modules_next_dist_115brz8._.js:2477
[ 5049486ms] [LOG] [Fast Refresh] rebuilding @ http://localhost:3000/_next/static/chunks/node_modules_next_dist_115brz8._.js:2477
[ 5049629ms] [LOG] [Fast Refresh] done in 256ms @ http://localhost:3000/_next/static/chunks/node_modules_next_dist_115brz8._.js:2477
[ 5056483ms] [LOG] [Fast Refresh] rebuilding @ http://localhost:3000/_next/static/chunks/node_modules_next_dist_115brz8._.js:2477
[ 5056485ms] [LOG] [Fast Refresh] done in 108ms @ http://localhost:3000/_next/static/chunks/node_modules_next_dist_115brz8._.js:2477
[ 5061356ms] [LOG] [Fast Refresh] rebuilding @ http://localhost:3000/_next/static/chunks/node_modules_next_dist_115brz8._.js:2477
[ 5061456ms] [LOG] [Fast Refresh] done in 215ms @ http://localhost:3000/_next/static/chunks/node_modules_next_dist_115brz8._.js:2477
[ 5061980ms] [LOG] [Fast Refresh] rebuilding @ http://localhost:3000/_next/static/chunks/node_modules_next_dist_115brz8._.js:2477
[ 5062034ms] [LOG] [Fast Refresh] done in 171ms @ http://localhost:3000/_next/static/chunks/node_modules_next_dist_115brz8._.js:2477
[ 5062913ms] [LOG] [Fast Refresh] rebuilding @ http://localhost:3000/_next/static/chunks/node_modules_next_dist_115brz8._.js:2477
[ 5062934ms] [LOG] [Fast Refresh] done in 148ms @ http://localhost:3000/_next/static/chunks/node_modules_next_dist_115brz8._.js:2477
[ 5063238ms] [LOG] [Fast Refresh] rebuilding @ http://localhost:3000/_next/static/chunks/node_modules_next_dist_115brz8._.js:2477
[ 5063314ms] [LOG] [Fast Refresh] done in 176ms @ http://localhost:3000/_next/static/chunks/node_modules_next_dist_115brz8._.js:2477
[ 5077380ms] [LOG] [Fast Refresh] rebuilding @ http://localhost:3000/_next/static/chunks/node_modules_next_dist_115brz8._.js:2477
[ 5077386ms] [LOG] [Fast Refresh] done in 115ms @ http://localhost:3000/_next/static/chunks/node_modules_next_dist_115brz8._.js:2477
[ 5082651ms] [WARNING] <link rel=preload> uses an unsupported `as` value @ http://localhost:3000/_next/static/chunks/node_modules_next_dist_compiled_react-dom_058-ah~._.js:16443
[ 5092307ms] [LOG] [Fast Refresh] rebuilding @ http://localhost:3000/_next/static/chunks/node_modules_next_dist_115brz8._.js:2477
[ 5094426ms] [LOG] [Fast Refresh] done in 2219ms @ http://localhost:3000/_next/static/chunks/node_modules_next_dist_115brz8._.js:2477
[ 5096546ms] [LOG] [Fast Refresh] rebuilding @ http://localhost:3000/_next/static/chunks/node_modules_next_dist_115brz8._.js:2477
[ 5096585ms] [LOG] [Fast Refresh] done in 149ms @ http://localhost:3000/_next/static/chunks/node_modules_next_dist_115brz8._.js:2477
[ 5097118ms] [LOG] [Fast Refresh] rebuilding @ http://localhost:3000/_next/static/chunks/node_modules_next_dist_115brz8._.js:2477
[ 5097147ms] [LOG] [Fast Refresh] done in 131ms @ http://localhost:3000/_next/static/chunks/node_modules_next_dist_115brz8._.js:2477
[ 5097544ms] [WARNING] The resource http://localhost:3000/HeroImages/ezgif-frame-001.jpg was preloaded using link preload but not used within a few seconds from the window's load event. Please make sure it has an appropriate `as` value and it is preloaded intentionally. @ http://localhost:3000/fr:0
[ 5098764ms] [LOG] [Fast Refresh] rebuilding @ http://localhost:3000/_next/static/chunks/node_modules_next_dist_115brz8._.js:2477
[ 5098795ms] [LOG] [Fast Refresh] done in 131ms @ http://localhost:3000/_next/static/chunks/node_modules_next_dist_115brz8._.js:2477
[ 5101371ms] [LOG] [Fast Refresh] rebuilding @ http://localhost:3000/_next/static/chunks/node_modules_next_dist_115brz8._.js:2477
[ 5101376ms] [LOG] [Fast Refresh] done in 105ms @ http://localhost:3000/_next/static/chunks/node_modules_next_dist_115brz8._.js:2477
[ 5101537ms] [LOG] [Fast Refresh] rebuilding @ http://localhost:3000/_next/static/chunks/node_modules_next_dist_115brz8._.js:2477
[ 5101679ms] [LOG] [Fast Refresh] done in 241ms @ http://localhost:3000/_next/static/chunks/node_modules_next_dist_115brz8._.js:2477
[ 5102483ms] [LOG] [Fast Refresh] rebuilding @ http://localhost:3000/_next/static/chunks/node_modules_next_dist_115brz8._.js:2477
[ 5102533ms] [LOG] [Fast Refresh] done in 151ms @ http://localhost:3000/_next/static/chunks/node_modules_next_dist_115brz8._.js:2477
[ 5102634ms] [LOG] [Fast Refresh] rebuilding @ http://localhost:3000/_next/static/chunks/node_modules_next_dist_115brz8._.js:2477
[ 5102785ms] [LOG] [Fast Refresh] done in 251ms @ http://localhost:3000/_next/static/chunks/node_modules_next_dist_115brz8._.js:2477
[ 5103378ms] [LOG] [Fast Refresh] rebuilding @ http://localhost:3000/_next/static/chunks/node_modules_next_dist_115brz8._.js:2477
[ 5103397ms] [LOG] [Fast Refresh] done in 118ms @ http://localhost:3000/_next/static/chunks/node_modules_next_dist_115brz8._.js:2477
[ 5103498ms] [LOG] [Fast Refresh] rebuilding @ http://localhost:3000/_next/static/chunks/node_modules_next_dist_115brz8._.js:2477
[ 5103518ms] [LOG] [Fast Refresh] done in 121ms @ http://localhost:3000/_next/static/chunks/node_modules_next_dist_115brz8._.js:2477
[ 5104009ms] [LOG] [Fast Refresh] rebuilding @ http://localhost:3000/_next/static/chunks/node_modules_next_dist_115brz8._.js:2477
[ 5104093ms] [LOG] [Fast Refresh] done in 184ms @ http://localhost:3000/_next/static/chunks/node_modules_next_dist_115brz8._.js:2477
[ 5104265ms] [LOG] [Fast Refresh] rebuilding @ http://localhost:3000/_next/static/chunks/node_modules_next_dist_115brz8._.js:2477
[ 5104410ms] [LOG] [Fast Refresh] done in 245ms @ http://localhost:3000/_next/static/chunks/node_modules_next_dist_115brz8._.js:2477
[ 5105053ms] [LOG] [Fast Refresh] rebuilding @ http://localhost:3000/_next/static/chunks/node_modules_next_dist_115brz8._.js:2477
[ 5105120ms] [LOG] [Fast Refresh] done in 169ms @ http://localhost:3000/_next/static/chunks/node_modules_next_dist_115brz8._.js:2477
[ 5105495ms] [LOG] [Fast Refresh] rebuilding @ http://localhost:3000/_next/static/chunks/node_modules_next_dist_115brz8._.js:2477
[ 5105507ms] [LOG] [Fast Refresh] done in 113ms @ http://localhost:3000/_next/static/chunks/node_modules_next_dist_115brz8._.js:2477
[ 5106064ms] [LOG] [Fast Refresh] rebuilding @ http://localhost:3000/_next/static/chunks/node_modules_next_dist_115brz8._.js:2477
[ 5106105ms] [LOG] [Fast Refresh] done in 140ms @ http://localhost:3000/_next/static/chunks/node_modules_next_dist_115brz8._.js:2477
[ 5106796ms] [LOG] [Fast Refresh] rebuilding @ http://localhost:3000/_next/static/chunks/node_modules_next_dist_115brz8._.js:2477
[ 5106807ms] [LOG] [Fast Refresh] done in 111ms @ http://localhost:3000/_next/static/chunks/node_modules_next_dist_115brz8._.js:2477
[ 5107133ms] [WARNING] The resource http://localhost:3000/HeroImages/ezgif-frame-001.jpg was preloaded using link preload but not used within a few seconds from the window's load event. Please make sure it has an appropriate `as` value and it is preloaded intentionally. @ http://localhost:3000/fr:0
[ 5107135ms] [LOG] [Fast Refresh] rebuilding @ http://localhost:3000/_next/static/chunks/node_modules_next_dist_115brz8._.js:2477
[ 5107147ms] [LOG] [Fast Refresh] done in 113ms @ http://localhost:3000/_next/static/chunks/node_modules_next_dist_115brz8._.js:2477
[ 5107337ms] [LOG] [Fast Refresh] rebuilding @ http://localhost:3000/_next/static/chunks/node_modules_next_dist_115brz8._.js:2477
[ 5107420ms] [LOG] [Fast Refresh] done in 184ms @ http://localhost:3000/_next/static/chunks/node_modules_next_dist_115brz8._.js:2477
[ 5108307ms] [LOG] [Fast Refresh] rebuilding @ http://localhost:3000/_next/static/chunks/node_modules_next_dist_115brz8._.js:2477
[ 5108338ms] [LOG] [Fast Refresh] done in 131ms @ http://localhost:3000/_next/static/chunks/node_modules_next_dist_115brz8._.js:2477
[ 5109165ms] [LOG] [Fast Refresh] rebuilding @ http://localhost:3000/_next/static/chunks/node_modules_next_dist_115brz8._.js:2477
[ 5109168ms] [LOG] [Fast Refresh] done in 105ms @ http://localhost:3000/_next/static/chunks/node_modules_next_dist_115brz8._.js:2477
[ 5110545ms] [LOG] [Fast Refresh] rebuilding @ http://localhost:3000/_next/static/chunks/node_modules_next_dist_115brz8._.js:2477
[ 5110561ms] [LOG] [Fast Refresh] done in 118ms @ http://localhost:3000/_next/static/chunks/node_modules_next_dist_115brz8._.js:2477
[ 5111005ms] [LOG] [Fast Refresh] rebuilding @ http://localhost:3000/_next/static/chunks/node_modules_next_dist_115brz8._.js:2477
[ 5111088ms] [LOG] [Fast Refresh] done in 183ms @ http://localhost:3000/_next/static/chunks/node_modules_next_dist_115brz8._.js:2477
[ 5111324ms] [LOG] [Fast Refresh] rebuilding @ http://localhost:3000/_next/static/chunks/node_modules_next_dist_115brz8._.js:2477
[ 5111351ms] [LOG] [Fast Refresh] done in 134ms @ http://localhost:3000/_next/static/chunks/node_modules_next_dist_115brz8._.js:2477
[ 5112538ms] [WARNING] The resource http://localhost:3000/HeroImages/ezgif-frame-001.jpg was preloaded using link preload but not used within a few seconds from the window's load event. Please make sure it has an appropriate `as` value and it is preloaded intentionally. @ http://localhost:3000/fr:0
[ 5113915ms] [LOG] [Fast Refresh] rebuilding @ http://localhost:3000/_next/static/chunks/node_modules_next_dist_115brz8._.js:2477
[ 5113954ms] [LOG] [Fast Refresh] done in 139ms @ http://localhost:3000/_next/static/chunks/node_modules_next_dist_115brz8._.js:2477
[ 5114078ms] [LOG] [Fast Refresh] rebuilding @ http://localhost:3000/_next/static/chunks/node_modules_next_dist_115brz8._.js:2477
[ 5114079ms] [LOG] [Fast Refresh] done in 102ms @ http://localhost:3000/_next/static/chunks/node_modules_next_dist_115brz8._.js:2477
[ 5114469ms] [LOG] [Fast Refresh] rebuilding @ http://localhost:3000/_next/static/chunks/node_modules_next_dist_115brz8._.js:2477
[ 5114577ms] [LOG] [Fast Refresh] done in 209ms @ http://localhost:3000/_next/static/chunks/node_modules_next_dist_115brz8._.js:2477
[ 5115063ms] [LOG] [Fast Refresh] rebuilding @ http://localhost:3000/_next/static/chunks/node_modules_next_dist_115brz8._.js:2477
[ 5115068ms] [LOG] [Fast Refresh] done in 105ms @ http://localhost:3000/_next/static/chunks/node_modules_next_dist_115brz8._.js:2477
[ 5115620ms] [LOG] [Fast Refresh] rebuilding @ http://localhost:3000/_next/static/chunks/node_modules_next_dist_115brz8._.js:2477
[ 5115741ms] [LOG] [Fast Refresh] done in 222ms @ http://localhost:3000/_next/static/chunks/node_modules_next_dist_115brz8._.js:2477
[ 5115997ms] [WARNING] The resource http://localhost:3000/HeroImages/ezgif-frame-001.jpg was preloaded using link preload but not used within a few seconds from the window's load event. Please make sure it has an appropriate `as` value and it is preloaded intentionally. @ http://localhost:3000/fr:0
[ 5116029ms] [LOG] [Fast Refresh] rebuilding @ http://localhost:3000/_next/static/chunks/node_modules_next_dist_115brz8._.js:2477
[ 5116206ms] [LOG] [Fast Refresh] done in 276ms @ http://localhost:3000/_next/static/chunks/node_modules_next_dist_115brz8._.js:2477
[ 5116738ms] [LOG] [Fast Refresh] rebuilding @ http://localhost:3000/_next/static/chunks/node_modules_next_dist_115brz8._.js:2477
[ 5116893ms] [LOG] [Fast Refresh] done in 258ms @ http://localhost:3000/_next/static/chunks/node_modules_next_dist_115brz8._.js:2477
[ 5117016ms] [LOG] [Fast Refresh] rebuilding @ http://localhost:3000/_next/static/chunks/node_modules_next_dist_115brz8._.js:2477
[ 5117027ms] [LOG] [Fast Refresh] done in 111ms @ http://localhost:3000/_next/static/chunks/node_modules_next_dist_115brz8._.js:2477
[ 5118825ms] [LOG] [Fast Refresh] rebuilding @ http://localhost:3000/_next/static/chunks/node_modules_next_dist_115brz8._.js:2477
[ 5118841ms] [LOG] [Fast Refresh] done in 117ms @ http://localhost:3000/_next/static/chunks/node_modules_next_dist_115brz8._.js:2477
[ 5119326ms] [LOG] [Fast Refresh] rebuilding @ http://localhost:3000/_next/static/chunks/node_modules_next_dist_115brz8._.js:2477
[ 5119326ms] [LOG] [Fast Refresh] done in 102ms @ http://localhost:3000/_next/static/chunks/node_modules_next_dist_115brz8._.js:2477
[ 5119563ms] [LOG] [Fast Refresh] rebuilding @ http://localhost:3000/_next/static/chunks/node_modules_next_dist_115brz8._.js:2477
[ 5119579ms] [LOG] [Fast Refresh] done in 119ms @ http://localhost:3000/_next/static/chunks/node_modules_next_dist_115brz8._.js:2477
[ 5120177ms] [LOG] [Fast Refresh] rebuilding @ http://localhost:3000/_next/static/chunks/node_modules_next_dist_115brz8._.js:2477
[ 5120182ms] [LOG] [Fast Refresh] done in 108ms @ http://localhost:3000/_next/static/chunks/node_modules_next_dist_115brz8._.js:2477
[ 5120957ms] [LOG] [Fast Refresh] rebuilding @ http://localhost:3000/_next/static/chunks/node_modules_next_dist_115brz8._.js:2477
[ 5120978ms] [LOG] [Fast Refresh] done in 123ms @ http://localhost:3000/_next/static/chunks/node_modules_next_dist_115brz8._.js:2477
[ 5121513ms] [LOG] [Fast Refresh] rebuilding @ http://localhost:3000/_next/static/chunks/node_modules_next_dist_115brz8._.js:2477
[ 5121525ms] [LOG] [Fast Refresh] done in 112ms @ http://localhost:3000/_next/static/chunks/node_modules_next_dist_115brz8._.js:2477
[ 5121711ms] [LOG] [Fast Refresh] rebuilding @ http://localhost:3000/_next/static/chunks/node_modules_next_dist_115brz8._.js:2477
[ 5121739ms] [LOG] [Fast Refresh] done in 128ms @ http://localhost:3000/_next/static/chunks/node_modules_next_dist_115brz8._.js:2477
[ 5121841ms] [LOG] [Fast Refresh] rebuilding @ http://localhost:3000/_next/static/chunks/node_modules_next_dist_115brz8._.js:2477
[ 5121843ms] [LOG] [Fast Refresh] done in 103ms @ http://localhost:3000/_next/static/chunks/node_modules_next_dist_115brz8._.js:2477
[ 5122203ms] [WARNING] The resource http://localhost:3000/HeroImages/ezgif-frame-001.jpg was preloaded using link preload but not used within a few seconds from the window's load event. Please make sure it has an appropriate `as` value and it is preloaded intentionally. @ http://localhost:3000/fr:0
[ 5122241ms] [LOG] [Fast Refresh] rebuilding @ http://localhost:3000/_next/static/chunks/node_modules_next_dist_115brz8._.js:2477
[ 5122314ms] [LOG] [Fast Refresh] done in 173ms @ http://localhost:3000/_next/static/chunks/node_modules_next_dist_115brz8._.js:2477
[ 5123018ms] [LOG] [Fast Refresh] rebuilding @ http://localhost:3000/_next/static/chunks/node_modules_next_dist_115brz8._.js:2477
[ 5123029ms] [LOG] [Fast Refresh] done in 111ms @ http://localhost:3000/_next/static/chunks/node_modules_next_dist_115brz8._.js:2477
[ 5123895ms] [LOG] [Fast Refresh] rebuilding @ http://localhost:3000/_next/static/chunks/node_modules_next_dist_115brz8._.js:2477
[ 5123904ms] [LOG] [Fast Refresh] done in 110ms @ http://localhost:3000/_next/static/chunks/node_modules_next_dist_115brz8._.js:2477
[ 5124159ms] [LOG] [Fast Refresh] rebuilding @ http://localhost:3000/_next/static/chunks/node_modules_next_dist_115brz8._.js:2477
[ 5124207ms] [LOG] [Fast Refresh] done in 150ms @ http://localhost:3000/_next/static/chunks/node_modules_next_dist_115brz8._.js:2477
[ 5124308ms] [LOG] [Fast Refresh] rebuilding @ http://localhost:3000/_next/static/chunks/node_modules_next_dist_115brz8._.js:2477
[ 5124314ms] [LOG] [Fast Refresh] done in 106ms @ http://localhost:3000/_next/static/chunks/node_modules_next_dist_115brz8._.js:2477
[ 5124632ms] [LOG] [Fast Refresh] rebuilding @ http://localhost:3000/_next/static/chunks/node_modules_next_dist_115brz8._.js:2477
[ 5124706ms] [LOG] [Fast Refresh] done in 174ms @ http://localhost:3000/_next/static/chunks/node_modules_next_dist_115brz8._.js:2477
[ 5125510ms] [LOG] [Fast Refresh] rebuilding @ http://localhost:3000/_next/static/chunks/node_modules_next_dist_115brz8._.js:2477
[ 5125533ms] [LOG] [Fast Refresh] done in 124ms @ http://localhost:3000/_next/static/chunks/node_modules_next_dist_115brz8._.js:2477
[ 5125703ms] [LOG] [Fast Refresh] rebuilding @ http://localhost:3000/_next/static/chunks/node_modules_next_dist_115brz8._.js:2477
[ 5125749ms] [LOG] [Fast Refresh] done in 147ms @ http://localhost:3000/_next/static/chunks/node_modules_next_dist_115brz8._.js:2477
[ 5126163ms] [LOG] [Fast Refresh] rebuilding @ http://localhost:3000/_next/static/chunks/node_modules_next_dist_115brz8._.js:2477
[ 5126205ms] [LOG] [Fast Refresh] done in 142ms @ http://localhost:3000/_next/static/chunks/node_modules_next_dist_115brz8._.js:2477
[ 5126401ms] [LOG] [Fast Refresh] rebuilding @ http://localhost:3000/_next/static/chunks/node_modules_next_dist_115brz8._.js:2477
[ 5126543ms] [LOG] [Fast Refresh] done in 241ms @ http://localhost:3000/_next/static/chunks/node_modules_next_dist_115brz8._.js:2477
[ 5127633ms] [LOG] [Fast Refresh] rebuilding @ http://localhost:3000/_next/static/chunks/node_modules_next_dist_115brz8._.js:2477
[ 5127749ms] [LOG] [Fast Refresh] done in 218ms @ http://localhost:3000/_next/static/chunks/node_modules_next_dist_115brz8._.js:2477
[ 5127890ms] [LOG] [Fast Refresh] rebuilding @ http://localhost:3000/_next/static/chunks/node_modules_next_dist_115brz8._.js:2477
[ 5127896ms] [LOG] [Fast Refresh] done in 107ms @ http://localhost:3000/_next/static/chunks/node_modules_next_dist_115brz8._.js:2477
[ 5128111ms] [LOG] [Fast Refresh] rebuilding @ http://localhost:3000/_next/static/chunks/node_modules_next_dist_115brz8._.js:2477
[ 5128754ms] [LOG] [Fast Refresh] done in 744ms @ http://localhost:3000/_next/static/chunks/node_modules_next_dist_115brz8._.js:2477
[ 5129311ms] [LOG] [Fast Refresh] rebuilding @ http://localhost:3000/_next/static/chunks/node_modules_next_dist_115brz8._.js:2477
[ 5129349ms] [LOG] [Fast Refresh] done in 138ms @ http://localhost:3000/_next/static/chunks/node_modules_next_dist_115brz8._.js:2477
[ 5129568ms] [LOG] [Fast Refresh] rebuilding @ http://localhost:3000/_next/static/chunks/node_modules_next_dist_115brz8._.js:2477
[ 5129676ms] [LOG] [Fast Refresh] done in 209ms @ http://localhost:3000/_next/static/chunks/node_modules_next_dist_115brz8._.js:2477
[ 5130783ms] [LOG] [Fast Refresh] rebuilding @ http://localhost:3000/_next/static/chunks/node_modules_next_dist_115brz8._.js:2477
[ 5130797ms] [LOG] [Fast Refresh] done in 116ms @ http://localhost:3000/_next/static/chunks/node_modules_next_dist_115brz8._.js:2477
[ 5130918ms] [LOG] [Fast Refresh] rebuilding @ http://localhost:3000/_next/static/chunks/node_modules_next_dist_115brz8._.js:2477
[ 5131230ms] [LOG] [Fast Refresh] done in 413ms @ http://localhost:3000/_next/static/chunks/node_modules_next_dist_115brz8._.js:2477
[ 5132053ms] [LOG] [Fast Refresh] rebuilding @ http://localhost:3000/_next/static/chunks/node_modules_next_dist_115brz8._.js:2477
[ 5132102ms] [LOG] [Fast Refresh] done in 149ms @ http://localhost:3000/_next/static/chunks/node_modules_next_dist_115brz8._.js:2477
[ 5132534ms] [LOG] [Fast Refresh] rebuilding @ http://localhost:3000/_next/static/chunks/node_modules_next_dist_115brz8._.js:2477
[ 5132692ms] [LOG] [Fast Refresh] done in 259ms @ http://localhost:3000/_next/static/chunks/node_modules_next_dist_115brz8._.js:2477
[ 5133591ms] [LOG] [Fast Refresh] rebuilding @ http://localhost:3000/_next/static/chunks/node_modules_next_dist_115brz8._.js:2477
[ 5133621ms] [LOG] [Fast Refresh] done in 131ms @ http://localhost:3000/_next/static/chunks/node_modules_next_dist_115brz8._.js:2477
[ 5134219ms] [WARNING] The resource http://localhost:3000/HeroImages/ezgif-frame-001.jpg was preloaded using link preload but not used within a few seconds from the window's load event. Please make sure it has an appropriate `as` value and it is preloaded intentionally. @ http://localhost:3000/fr:0
[ 5136331ms] [LOG] [Fast Refresh] rebuilding @ http://localhost:3000/_next/static/chunks/node_modules_next_dist_115brz8._.js:2477
[ 5136357ms] [LOG] [Fast Refresh] done in 125ms @ http://localhost:3000/_next/static/chunks/node_modules_next_dist_115brz8._.js:2477
[ 5137409ms] [LOG] [Fast Refresh] rebuilding @ http://localhost:3000/_next/static/chunks/node_modules_next_dist_115brz8._.js:2477
[ 5137433ms] [LOG] [Fast Refresh] done in 126ms @ http://localhost:3000/_next/static/chunks/node_modules_next_dist_115brz8._.js:2477
[ 5138052ms] [LOG] [Fast Refresh] rebuilding @ http://localhost:3000/_next/static/chunks/node_modules_next_dist_115brz8._.js:2477
[ 5138140ms] [LOG] [Fast Refresh] done in 188ms @ http://localhost:3000/_next/static/chunks/node_modules_next_dist_115brz8._.js:2477
[ 5139228ms] [LOG] [Fast Refresh] rebuilding @ http://localhost:3000/_next/static/chunks/node_modules_next_dist_115brz8._.js:2477
[ 5139238ms] [LOG] [Fast Refresh] done in 111ms @ http://localhost:3000/_next/static/chunks/node_modules_next_dist_115brz8._.js:2477
[ 5140012ms] [LOG] [Fast Refresh] rebuilding @ http://localhost:3000/_next/static/chunks/node_modules_next_dist_115brz8._.js:2477
[ 5140094ms] [LOG] [Fast Refresh] done in 182ms @ http://localhost:3000/_next/static/chunks/node_modules_next_dist_115brz8._.js:2477
[ 5140670ms] [LOG] [Fast Refresh] rebuilding @ http://localhost:3000/_next/static/chunks/node_modules_next_dist_115brz8._.js:2477
[ 5140831ms] [LOG] [Fast Refresh] done in 261ms @ http://localhost:3000/_next/static/chunks/node_modules_next_dist_115brz8._.js:2477
[ 5141147ms] [LOG] [Fast Refresh] rebuilding @ http://localhost:3000/_next/static/chunks/node_modules_next_dist_115brz8._.js:2477
[ 5141218ms] [LOG] [Fast Refresh] done in 172ms @ http://localhost:3000/_next/static/chunks/node_modules_next_dist_115brz8._.js:2477
[ 5141692ms] [LOG] [Fast Refresh] rebuilding @ http://localhost:3000/_next/static/chunks/node_modules_next_dist_115brz8._.js:2477
[ 5141696ms] [LOG] [Fast Refresh] done in 104ms @ http://localhost:3000/_next/static/chunks/node_modules_next_dist_115brz8._.js:2477
[ 5141901ms] [LOG] [Fast Refresh] rebuilding @ http://localhost:3000/_next/static/chunks/node_modules_next_dist_115brz8._.js:2477
[ 5141939ms] [LOG] [Fast Refresh] done in 140ms @ http://localhost:3000/_next/static/chunks/node_modules_next_dist_115brz8._.js:2477
[ 5142078ms] [LOG] [Fast Refresh] rebuilding @ http://localhost:3000/_next/static/chunks/node_modules_next_dist_115brz8._.js:2477
[ 5142101ms] [LOG] [Fast Refresh] done in 124ms @ http://localhost:3000/_next/static/chunks/node_modules_next_dist_115brz8._.js:2477
[ 5143116ms] [LOG] [Fast Refresh] rebuilding @ http://localhost:3000/_next/static/chunks/node_modules_next_dist_115brz8._.js:2477
[ 5143217ms] [LOG] [Fast Refresh] done in 202ms @ http://localhost:3000/_next/static/chunks/node_modules_next_dist_115brz8._.js:2477
[ 5143325ms] [LOG] [Fast Refresh] rebuilding @ http://localhost:3000/_next/static/chunks/node_modules_next_dist_115brz8._.js:2477
[ 5143400ms] [LOG] [Fast Refresh] done in 176ms @ http://localhost:3000/_next/static/chunks/node_modules_next_dist_115brz8._.js:2477
[ 5145560ms] [LOG] [Fast Refresh] rebuilding @ http://localhost:3000/_next/static/chunks/node_modules_next_dist_115brz8._.js:2477
[ 5145627ms] [LOG] [Fast Refresh] done in 166ms @ http://localhost:3000/_next/static/chunks/node_modules_next_dist_115brz8._.js:2477
[ 5146206ms] [LOG] [Fast Refresh] rebuilding @ http://localhost:3000/_next/static/chunks/node_modules_next_dist_115brz8._.js:2477
[ 5146376ms] [LOG] [Fast Refresh] done in 271ms @ http://localhost:3000/_next/static/chunks/node_modules_next_dist_115brz8._.js:2477
[ 5146681ms] [LOG] [Fast Refresh] rebuilding @ http://localhost:3000/_next/static/chunks/node_modules_next_dist_115brz8._.js:2477
[ 5146710ms] [LOG] [Fast Refresh] done in 130ms @ http://localhost:3000/_next/static/chunks/node_modules_next_dist_115brz8._.js:2477
[ 5147338ms] [LOG] [Fast Refresh] rebuilding @ http://localhost:3000/_next/static/chunks/node_modules_next_dist_115brz8._.js:2477
[ 5147506ms] [LOG] [Fast Refresh] done in 269ms @ http://localhost:3000/_next/static/chunks/node_modules_next_dist_115brz8._.js:2477
[ 5147624ms] [LOG] [Fast Refresh] rebuilding @ http://localhost:3000/_next/static/chunks/node_modules_next_dist_115brz8._.js:2477
[ 5147706ms] [LOG] [Fast Refresh] done in 183ms @ http://localhost:3000/_next/static/chunks/node_modules_next_dist_115brz8._.js:2477
[ 5148512ms] [LOG] [Fast Refresh] rebuilding @ http://localhost:3000/_next/static/chunks/node_modules_next_dist_115brz8._.js:2477
[ 5148547ms] [LOG] [Fast Refresh] done in 147ms @ http://localhost:3000/_next/static/chunks/node_modules_next_dist_115brz8._.js:2477
[ 5148738ms] [LOG] [Fast Refresh] rebuilding @ http://localhost:3000/_next/static/chunks/node_modules_next_dist_115brz8._.js:2477
[ 5148834ms] [LOG] [Fast Refresh] done in 203ms @ http://localhost:3000/_next/static/chunks/node_modules_next_dist_115brz8._.js:2477
[ 5149300ms] [LOG] [Fast Refresh] rebuilding @ http://localhost:3000/_next/static/chunks/node_modules_next_dist_115brz8._.js:2477
[ 5149314ms] [LOG] [Fast Refresh] done in 122ms @ http://localhost:3000/_next/static/chunks/node_modules_next_dist_115brz8._.js:2477
[ 5150429ms] [LOG] [Fast Refresh] rebuilding @ http://localhost:3000/_next/static/chunks/node_modules_next_dist_115brz8._.js:2477
[ 5150537ms] [WARNING] The resource http://localhost:3000/HeroImages/ezgif-frame-001.jpg was preloaded using link preload but not used within a few seconds from the window's load event. Please make sure it has an appropriate `as` value and it is preloaded intentionally. @ http://localhost:3000/fr:0
[ 5150647ms] [LOG] [Fast Refresh] done in 329ms @ http://localhost:3000/_next/static/chunks/node_modules_next_dist_115brz8._.js:2477
[ 5151244ms] [LOG] [Fast Refresh] rebuilding @ http://localhost:3000/_next/static/chunks/node_modules_next_dist_115brz8._.js:2477
[ 5151465ms] [LOG] [Fast Refresh] done in 326ms @ http://localhost:3000/_next/static/chunks/node_modules_next_dist_115brz8._.js:2477
[ 5152759ms] [LOG] [Fast Refresh] rebuilding @ http://localhost:3000/_next/static/chunks/node_modules_next_dist_115brz8._.js:2477
[ 5152825ms] [LOG] [Fast Refresh] done in 182ms @ http://localhost:3000/_next/static/chunks/node_modules_next_dist_115brz8._.js:2477
[ 5153087ms] [LOG] [Fast Refresh] rebuilding @ http://localhost:3000/_next/static/chunks/node_modules_next_dist_115brz8._.js:2477
[ 5153217ms] [LOG] [Fast Refresh] done in 232ms @ http://localhost:3000/_next/static/chunks/node_modules_next_dist_115brz8._.js:2477
[ 5154160ms] [LOG] [Fast Refresh] rebuilding @ http://localhost:3000/_next/static/chunks/node_modules_next_dist_115brz8._.js:2477
[ 5154207ms] [LOG] [Fast Refresh] done in 147ms @ http://localhost:3000/_next/static/chunks/node_modules_next_dist_115brz8._.js:2477
[ 5156461ms] [LOG] [Fast Refresh] rebuilding @ http://localhost:3000/_next/static/chunks/node_modules_next_dist_115brz8._.js:2477
[ 5156470ms] [LOG] [Fast Refresh] done in 110ms @ http://localhost:3000/_next/static/chunks/node_modules_next_dist_115brz8._.js:2477
[ 5156593ms] [LOG] [Fast Refresh] rebuilding @ http://localhost:3000/_next/static/chunks/node_modules_next_dist_115brz8._.js:2477
[ 5156598ms] [LOG] [Fast Refresh] done in 107ms @ http://localhost:3000/_next/static/chunks/node_modules_next_dist_115brz8._.js:2477
[ 5157538ms] [LOG] [Fast Refresh] rebuilding @ http://localhost:3000/_next/static/chunks/node_modules_next_dist_115brz8._.js:2477
[ 5157600ms] [LOG] [Fast Refresh] done in 163ms @ http://localhost:3000/_next/static/chunks/node_modules_next_dist_115brz8._.js:2477
[ 5158174ms] [LOG] [Fast Refresh] rebuilding @ http://localhost:3000/_next/static/chunks/node_modules_next_dist_115brz8._.js:2477
[ 5158204ms] [LOG] [Fast Refresh] done in 137ms @ http://localhost:3000/_next/static/chunks/node_modules_next_dist_115brz8._.js:2477
[ 5162767ms] [LOG] [Fast Refresh] rebuilding @ http://localhost:3000/_next/static/chunks/node_modules_next_dist_115brz8._.js:2477
[ 5162768ms] [LOG] [Fast Refresh] done in 102ms @ http://localhost:3000/_next/static/chunks/node_modules_next_dist_115brz8._.js:2477
[ 5164447ms] [LOG] [Fast Refresh] rebuilding @ http://localhost:3000/_next/static/chunks/node_modules_next_dist_115brz8._.js:2477
[ 5164454ms] [LOG] [Fast Refresh] done in 109ms @ http://localhost:3000/_next/static/chunks/node_modules_next_dist_115brz8._.js:2477
[ 5164576ms] [LOG] [Fast Refresh] rebuilding @ http://localhost:3000/_next/static/chunks/node_modules_next_dist_115brz8._.js:2477
[ 5164583ms] [LOG] [Fast Refresh] done in 106ms @ http://localhost:3000/_next/static/chunks/node_modules_next_dist_115brz8._.js:2477
[ 5165211ms] [LOG] [Fast Refresh] rebuilding @ http://localhost:3000/_next/static/chunks/node_modules_next_dist_115brz8._.js:2477
[ 5165432ms] [LOG] [Fast Refresh] done in 335ms @ http://localhost:3000/_next/static/chunks/node_modules_next_dist_115brz8._.js:2477
[ 5165742ms] [LOG] [Fast Refresh] rebuilding @ http://localhost:3000/_next/static/chunks/node_modules_next_dist_115brz8._.js:2477
[ 5165762ms] [LOG] [Fast Refresh] done in 121ms @ http://localhost:3000/_next/static/chunks/node_modules_next_dist_115brz8._.js:2477
[ 5166639ms] [LOG] [Fast Refresh] rebuilding @ http://localhost:3000/_next/static/chunks/node_modules_next_dist_115brz8._.js:2477
[ 5166712ms] [LOG] [Fast Refresh] done in 174ms @ http://localhost:3000/_next/static/chunks/node_modules_next_dist_115brz8._.js:2477
[ 5167870ms] [LOG] [Fast Refresh] rebuilding @ http://localhost:3000/_next/static/chunks/node_modules_next_dist_115brz8._.js:2477
[ 5167882ms] [LOG] [Fast Refresh] done in 112ms @ http://localhost:3000/_next/static/chunks/node_modules_next_dist_115brz8._.js:2477
[ 5168538ms] [LOG] [Fast Refresh] rebuilding @ http://localhost:3000/_next/static/chunks/node_modules_next_dist_115brz8._.js:2477
[ 5168563ms] [LOG] [Fast Refresh] done in 125ms @ http://localhost:3000/_next/static/chunks/node_modules_next_dist_115brz8._.js:2477
[ 5169241ms] [LOG] [Fast Refresh] rebuilding @ http://localhost:3000/_next/static/chunks/node_modules_next_dist_115brz8._.js:2477
[ 5169249ms] [LOG] [Fast Refresh] done in 107ms @ http://localhost:3000/_next/static/chunks/node_modules_next_dist_115brz8._.js:2477
[ 5169440ms] [LOG] [Fast Refresh] rebuilding @ http://localhost:3000/_next/static/chunks/node_modules_next_dist_115brz8._.js:2477
[ 5169454ms] [LOG] [Fast Refresh] done in 114ms @ http://localhost:3000/_next/static/chunks/node_modules_next_dist_115brz8._.js:2477
[ 5175798ms] [LOG] [Fast Refresh] rebuilding @ http://localhost:3000/_next/static/chunks/node_modules_next_dist_115brz8._.js:2477
[ 5175864ms] [LOG] [Fast Refresh] done in 166ms @ http://localhost:3000/_next/static/chunks/node_modules_next_dist_115brz8._.js:2477
[ 5179801ms] [LOG] [Fast Refresh] rebuilding @ http://localhost:3000/_next/static/chunks/node_modules_next_dist_115brz8._.js:2477
[ 5180229ms] [LOG] [Fast Refresh] done in 528ms @ http://localhost:3000/_next/static/chunks/node_modules_next_dist_115brz8._.js:2477
[ 5183102ms] [WARNING] The resource http://localhost:3000/HeroImages/ezgif-frame-001.jpg was preloaded using link preload but not used within a few seconds from the window's load event. Please make sure it has an appropriate `as` value and it is preloaded intentionally. @ http://localhost:3000/fr:0
[ 5310136ms] [LOG] [Fast Refresh] rebuilding @ http://localhost:3000/_next/static/chunks/node_modules_next_dist_115brz8._.js:2477
[ 5310302ms] [LOG] [Fast Refresh] done in 266ms @ http://localhost:3000/_next/static/chunks/node_modules_next_dist_115brz8._.js:2477
[ 5364280ms] [LOG] [Fast Refresh] rebuilding @ http://localhost:3000/_next/static/chunks/node_modules_next_dist_115brz8._.js:2477
[ 5364305ms] [LOG] [Fast Refresh] done in 128ms @ http://localhost:3000/_next/static/chunks/node_modules_next_dist_115brz8._.js:2477
[ 5535206ms] [LOG] [Fast Refresh] rebuilding @ http://localhost:3000/_next/static/chunks/node_modules_next_dist_115brz8._.js:2477
[ 5535360ms] [LOG] [Fast Refresh] done in 222ms @ http://localhost:3000/_next/static/chunks/node_modules_next_dist_115brz8._.js:2477
[ 5535476ms] [LOG] [Fast Refresh] rebuilding @ http://localhost:3000/_next/static/chunks/node_modules_next_dist_115brz8._.js:2477
[ 5535752ms] [LOG] [Fast Refresh] done in 378ms @ http://localhost:3000/_next/static/chunks/node_modules_next_dist_115brz8._.js:2477
[ 5535997ms] [LOG] [Fast Refresh] rebuilding @ http://localhost:3000/_next/static/chunks/node_modules_next_dist_115brz8._.js:2477
[ 5535998ms] [LOG] [Fast Refresh] done in 180ms @ http://localhost:3000/_next/static/chunks/node_modules_next_dist_115brz8._.js:2477
[ 5539082ms] [WARNING] The resource http://localhost:3000/HeroImages/ezgif-frame-001.jpg was preloaded using link preload but not used within a few seconds from the window's load event. Please make sure it has an appropriate `as` value and it is preloaded intentionally. @ http://localhost:3000/fr:0
[ 5544227ms] [LOG] [Fast Refresh] rebuilding @ http://localhost:3000/_next/static/chunks/node_modules_next_dist_115brz8._.js:2477
[ 5544317ms] [LOG] [Fast Refresh] done in 162ms @ http://localhost:3000/_next/static/chunks/node_modules_next_dist_115brz8._.js:2477
[ 5544444ms] [LOG] [Fast Refresh] rebuilding @ http://localhost:3000/_next/static/chunks/node_modules_next_dist_115brz8._.js:2477
[ 5544644ms] [LOG] [Fast Refresh] done in 304ms @ http://localhost:3000/_next/static/chunks/node_modules_next_dist_115brz8._.js:2477
[ 5547692ms] [WARNING] The resource http://localhost:3000/HeroImages/ezgif-frame-001.jpg was preloaded using link preload but not used within a few seconds from the window's load event. Please make sure it has an appropriate `as` value and it is preloaded intentionally. @ http://localhost:3000/fr:0
[ 5555804ms] [LOG] [Fast Refresh] rebuilding @ http://localhost:3000/_next/static/chunks/node_modules_next_dist_115brz8._.js:2477
[ 5556339ms] [LOG] [Fast Refresh] done in 645ms @ http://localhost:3000/_next/static/chunks/node_modules_next_dist_115brz8._.js:2477
[ 5559147ms] [WARNING] The resource http://localhost:3000/HeroImages/ezgif-frame-001.jpg was preloaded using link preload but not used within a few seconds from the window's load event. Please make sure it has an appropriate `as` value and it is preloaded intentionally. @ http://localhost:3000/fr:0
[ 5578588ms] [LOG] [Fast Refresh] rebuilding @ http://localhost:3000/_next/static/chunks/node_modules_next_dist_115brz8._.js:2477
[ 5578658ms] [LOG] [Fast Refresh] done in 186ms @ http://localhost:3000/_next/static/chunks/node_modules_next_dist_115brz8._.js:2477
[ 5579131ms] [LOG] [Fast Refresh] rebuilding @ http://localhost:3000/_next/static/chunks/node_modules_next_dist_115brz8._.js:2477
[ 5579149ms] [LOG] [Fast Refresh] done in 127ms @ http://localhost:3000/_next/static/chunks/node_modules_next_dist_115brz8._.js:2477
[ 5579446ms] [WARNING] <link rel=preload> uses an unsupported `as` value @ http://localhost:3000/fr:0
[ 5579500ms] [INFO] %cDownload the React DevTools for a better development experience: https://react.dev/link/react-devtools font-weight:bold @ http://localhost:3000/_next/static/chunks/node_modules_next_dist_115brz8._.js:2477
[ 5579544ms] [LOG] [HMR] connected @ http://localhost:3000/_next/static/chunks/node_modules_next_dist_115brz8._.js:2477
[ 5580487ms] [WARNING] Please ensure that the container has a non-static position, like 'relative', 'fixed', or 'absolute' to ensure scroll offset is calculated correctly. @ http://localhost:3000/_next/static/chunks/node_modules_next_dist_115brz8._.js:2477
[ 5583143ms] [WARNING] The resource http://localhost:3000/HeroImages/ezgif-frame-001.jpg was preloaded using link preload but not used within a few seconds from the window's load event. Please make sure it has an appropriate `as` value and it is preloaded intentionally. @ http://localhost:3000/fr:0
[ 5598545ms] [WARNING] The resource http://localhost:3000/HeroImages/ezgif-frame-001.jpg was preloaded using link preload but not used within a few seconds from the window's load event. Please make sure it has an appropriate `as` value and it is preloaded intentionally. @ http://localhost:3000/fr:0
[ 5616650ms] [WARNING] The resource http://localhost:3000/HeroImages/ezgif-frame-001.jpg was preloaded using link preload but not used within a few seconds from the window's load event. Please make sure it has an appropriate `as` value and it is preloaded intentionally. @ http://localhost:3000/fr:0
[ 5632526ms] [WARNING] The resource http://localhost:3000/HeroImages/ezgif-frame-001.jpg was preloaded using link preload but not used within a few seconds from the window's load event. Please make sure it has an appropriate `as` value and it is preloaded intentionally. @ http://localhost:3000/fr:0
[ 5644076ms] [WARNING] The resource http://localhost:3000/HeroImages/ezgif-frame-001.jpg was preloaded using link preload but not used within a few seconds from the window's load event. Please make sure it has an appropriate `as` value and it is preloaded intentionally. @ http://localhost:3000/fr:0
[ 5662344ms] [WARNING] The resource http://localhost:3000/HeroImages/ezgif-frame-001.jpg was preloaded using link preload but not used within a few seconds from the window's load event. Please make sure it has an appropriate `as` value and it is preloaded intentionally. @ http://localhost:3000/fr:0
[ 5671077ms] [WARNING] The resource http://localhost:3000/HeroImages/ezgif-frame-001.jpg was preloaded using link preload but not used within a few seconds from the window's load event. Please make sure it has an appropriate `as` value and it is preloaded intentionally. @ http://localhost:3000/fr:0
[ 5692169ms] [WARNING] The resource http://localhost:3000/HeroImages/ezgif-frame-001.jpg was preloaded using link preload but not used within a few seconds from the window's load event. Please make sure it has an appropriate `as` value and it is preloaded intentionally. @ http://localhost:3000/fr:0
[ 5938182ms] [LOG] [Fast Refresh] rebuilding @ http://localhost:3000/_next/static/chunks/node_modules_next_dist_115brz8._.js:2477
[ 5938186ms] [LOG] [Fast Refresh] done in 105ms @ http://localhost:3000/_next/static/chunks/node_modules_next_dist_115brz8._.js:2477
[ 5941714ms] [LOG] [Fast Refresh] rebuilding @ http://localhost:3000/_next/static/chunks/node_modules_next_dist_115brz8._.js:2477
[ 5941778ms] [LOG] [Fast Refresh] done in 167ms @ http://localhost:3000/_next/static/chunks/node_modules_next_dist_115brz8._.js:2477
[ 5942355ms] [LOG] [Fast Refresh] rebuilding @ http://localhost:3000/_next/static/chunks/node_modules_next_dist_115brz8._.js:2477
[ 5942358ms] [LOG] [Fast Refresh] done in 134ms @ http://localhost:3000/_next/static/chunks/node_modules_next_dist_115brz8._.js:2477
[ 5942982ms] [LOG] [Fast Refresh] rebuilding @ http://localhost:3000/_next/static/chunks/node_modules_next_dist_115brz8._.js:2477
[ 5943210ms] [LOG] [Fast Refresh] done in 331ms @ http://localhost:3000/_next/static/chunks/node_modules_next_dist_115brz8._.js:2477
[ 5955477ms] [LOG] [Fast Refresh] rebuilding @ http://localhost:3000/_next/static/chunks/node_modules_next_dist_115brz8._.js:2477
[ 5955478ms] [LOG] [Fast Refresh] done in 159ms @ http://localhost:3000/_next/static/chunks/node_modules_next_dist_115brz8._.js:2477
[ 5975782ms] [LOG] [Fast Refresh] rebuilding @ http://localhost:3000/_next/static/chunks/node_modules_next_dist_115brz8._.js:2477
[ 5975857ms] [LOG] [Fast Refresh] done in 177ms @ http://localhost:3000/_next/static/chunks/node_modules_next_dist_115brz8._.js:2477
[ 5984252ms] [LOG] [Fast Refresh] rebuilding @ http://localhost:3000/_next/static/chunks/node_modules_next_dist_115brz8._.js:2477
[ 5984261ms] [LOG] [Fast Refresh] done in 119ms @ http://localhost:3000/_next/static/chunks/node_modules_next_dist_115brz8._.js:2477
[ 5990396ms] [LOG] [Fast Refresh] rebuilding @ http://localhost:3000/_next/static/chunks/node_modules_next_dist_115brz8._.js:2477
[ 5990477ms] [LOG] [Fast Refresh] done in 183ms @ http://localhost:3000/_next/static/chunks/node_modules_next_dist_115brz8._.js:2477
[ 6009025ms] [LOG] [Fast Refresh] rebuilding @ http://localhost:3000/_next/static/chunks/node_modules_next_dist_115brz8._.js:2477
[ 6009159ms] [LOG] [Fast Refresh] done in 479ms @ http://localhost:3000/_next/static/chunks/node_modules_next_dist_115brz8._.js:2477
[ 6012198ms] [WARNING] The resource http://localhost:3000/HeroImages/ezgif-frame-001.jpg was preloaded using link preload but not used within a few seconds from the window's load event. Please make sure it has an appropriate `as` value and it is preloaded intentionally. @ http://localhost:3000/fr:0
[ 6220831ms] [ERROR] WebSocket connection to 'ws://localhost:3000/_next/webpack-hmr?id=vnuss2syykq9zYEJkbzES' failed: Error in connection establishment: net::ERR_CONNECTION_REFUSED @ http://localhost:3000/_next/static/chunks/node_modules_next_dist_client_0fhqo1d._.js:13322
[ 6224207ms] [ERROR] WebSocket connection to 'ws://localhost:3000/_next/webpack-hmr?id=vnuss2syykq9zYEJkbzES' failed: Error in connection establishment: net::ERR_CONNECTION_REFUSED @ http://localhost:3000/_next/static/chunks/node_modules_next_dist_client_0fhqo1d._.js:13322
[ 6227580ms] [ERROR] WebSocket connection to 'ws://localhost:3000/_next/webpack-hmr?id=vnuss2syykq9zYEJkbzES' failed: Error in connection establishment: net::ERR_CONNECTION_REFUSED @ http://localhost:3000/_next/static/chunks/node_modules_next_dist_client_0fhqo1d._.js:13322
[ 6230959ms] [ERROR] WebSocket connection to 'ws://localhost:3000/_next/webpack-hmr?id=vnuss2syykq9zYEJkbzES' failed: Error in connection establishment: net::ERR_CONNECTION_REFUSED @ http://localhost:3000/_next/static/chunks/node_modules_next_dist_client_0fhqo1d._.js:13322
[ 6234348ms] [ERROR] WebSocket connection to 'ws://localhost:3000/_next/webpack-hmr?id=vnuss2syykq9zYEJkbzES' failed: Error in connection establishment: net::ERR_CONNECTION_REFUSED @ http://localhost:3000/_next/static/chunks/node_modules_next_dist_client_0fhqo1d._.js:13322
[ 6239375ms] [LOG] [HMR] connected @ http://localhost:3000/_next/static/chunks/node_modules_next_dist_115brz8._.js:2477
[ 6240255ms] [WARNING] <link rel=preload> uses an unsupported `as` value @ http://localhost:3000/fr:0
[ 6240597ms] [INFO] %cDownload the React DevTools for a better development experience: https://react.dev/link/react-devtools font-weight:bold @ http://localhost:3000/_next/static/chunks/node_modules_next_dist_115brz8._.js:2477
[ 6240628ms] [LOG] [HMR] connected @ http://localhost:3000/_next/static/chunks/node_modules_next_dist_115brz8._.js:2477
[ 6241394ms] [LOG] [Fast Refresh] rebuilding @ http://localhost:3000/_next/static/chunks/node_modules_next_dist_115brz8._.js:2477
[ 6241421ms] [LOG] [Fast Refresh] done in 488ms @ http://localhost:3000/_next/static/chunks/node_modules_next_dist_115brz8._.js:2477
[ 6242362ms] [WARNING] Please ensure that the container has a non-static position, like 'relative', 'fixed', or 'absolute' to ensure scroll offset is calculated correctly. @ http://localhost:3000/_next/static/chunks/node_modules_next_dist_115brz8._.js:2477
[ 6244815ms] [WARNING] The resource http://localhost:3000/HeroImages/ezgif-frame-001.jpg was preloaded using link preload but not used within a few seconds from the window's load event. Please make sure it has an appropriate `as` value and it is preloaded intentionally. @ http://localhost:3000/fr:0
[ 6259178ms] [WARNING] The resource http://localhost:3000/HeroImages/ezgif-frame-001.jpg was preloaded using link preload but not used within a few seconds from the window's load event. Please make sure it has an appropriate `as` value and it is preloaded intentionally. @ http://localhost:3000/fr:0
[ 6275569ms] [WARNING] The resource http://localhost:3000/HeroImages/ezgif-frame-001.jpg was preloaded using link preload but not used within a few seconds from the window's load event. Please make sure it has an appropriate `as` value and it is preloaded intentionally. @ http://localhost:3000/fr:0
[ 6287299ms] [WARNING] The resource http://localhost:3000/HeroImages/ezgif-frame-001.jpg was preloaded using link preload but not used within a few seconds from the window's load event. Please make sure it has an appropriate `as` value and it is preloaded intentionally. @ http://localhost:3000/fr:0
[ 6296914ms] [ERROR] WebSocket connection to 'ws://localhost:3000/_next/webpack-hmr?id=AqtQMdt_jzTFSmxY3NPfq' failed: Error in connection establishment: net::ERR_CONNECTION_REFUSED @ http://localhost:3000/_next/static/chunks/node_modules_next_dist_client_0fhqo1d._.js:13322
[ 6300287ms] [ERROR] WebSocket connection to 'ws://localhost:3000/_next/webpack-hmr?id=AqtQMdt_jzTFSmxY3NPfq' failed: Error in connection establishment: net::ERR_CONNECTION_REFUSED @ http://localhost:3000/_next/static/chunks/node_modules_next_dist_client_0fhqo1d._.js:13322
[ 6303663ms] [ERROR] WebSocket connection to 'ws://localhost:3000/_next/webpack-hmr?id=AqtQMdt_jzTFSmxY3NPfq' failed: Error in connection establishment: net::ERR_CONNECTION_REFUSED @ http://localhost:3000/_next/static/chunks/node_modules_next_dist_client_0fhqo1d._.js:13322
[ 6304719ms] [ERROR] Failed to load resource: net::ERR_CONNECTION_REFUSED @ http://localhost:3000/MotionMAWT.mp4:0
[ 6307037ms] [ERROR] WebSocket connection to 'ws://localhost:3000/_next/webpack-hmr?id=AqtQMdt_jzTFSmxY3NPfq' failed: Error in connection establishment: net::ERR_CONNECTION_REFUSED @ http://localhost:3000/_next/static/chunks/node_modules_next_dist_client_0fhqo1d._.js:13322
[ 6307393ms] [ERROR] Failed to load resource: net::ERR_CONNECTION_REFUSED @ http://localhost:3000/MotionMAWT.mp4:0
[ 6310112ms] [ERROR] Failed to load resource: net::ERR_CONNECTION_REFUSED @ http://localhost:3000/MotionMAWT.mp4:0
[ 6310407ms] [ERROR] WebSocket connection to 'ws://localhost:3000/_next/webpack-hmr?id=AqtQMdt_jzTFSmxY3NPfq' failed: Error in connection establishment: net::ERR_CONNECTION_REFUSED @ http://localhost:3000/_next/static/chunks/node_modules_next_dist_client_0fhqo1d._.js:13322
[ 6312880ms] [ERROR] Failed to load resource: net::ERR_CONNECTION_REFUSED @ http://localhost:3000/MotionMAWT.mp4:0
[ 6315839ms] [LOG] [HMR] connected @ http://localhost:3000/_next/static/chunks/node_modules_next_dist_115brz8._.js:2477
[ 6319034ms] [WARNING] The resource http://localhost:3000/HeroImages/ezgif-frame-001.jpg was preloaded using link preload but not used within a few seconds from the window's load event. Please make sure it has an appropriate `as` value and it is preloaded intentionally. @ http://localhost:3000/fr:0
[ 6319841ms] [WARNING] <link rel=preload> uses an unsupported `as` value @ http://localhost:3000/fr:0
[ 6320385ms] [INFO] %cDownload the React DevTools for a better development experience: https://react.dev/link/react-devtools font-weight:bold @ http://localhost:3000/_next/static/chunks/node_modules_next_dist_115brz8._.js:2477
[ 6320418ms] [LOG] [HMR] connected @ http://localhost:3000/_next/static/chunks/node_modules_next_dist_115brz8._.js:2477
[ 6322039ms] [WARNING] Please ensure that the container has a non-static position, like 'relative', 'fixed', or 'absolute' to ensure scroll offset is calculated correctly. @ http://localhost:3000/_next/static/chunks/node_modules_next_dist_115brz8._.js:2477
[ 6324819ms] [WARNING] The resource http://localhost:3000/HeroImages/ezgif-frame-001.jpg was preloaded using link preload but not used within a few seconds from the window's load event. Please make sure it has an appropriate `as` value and it is preloaded intentionally. @ http://localhost:3000/fr:0
[ 6336653ms] [LOG] [Fast Refresh] rebuilding @ http://localhost:3000/_next/static/chunks/node_modules_next_dist_115brz8._.js:2477
[ 6336805ms] [LOG] [Fast Refresh] done in 271ms @ http://localhost:3000/_next/static/chunks/node_modules_next_dist_115brz8._.js:2477
[ 6337211ms] [LOG] [Fast Refresh] rebuilding @ http://localhost:3000/_next/static/chunks/node_modules_next_dist_115brz8._.js:2477
[ 6338882ms] [LOG] [Fast Refresh] done in 1787ms @ http://localhost:3000/_next/static/chunks/node_modules_next_dist_115brz8._.js:2477
[ 6340575ms] [WARNING] The resource http://localhost:3000/HeroImages/ezgif-frame-001.jpg was preloaded using link preload but not used within a few seconds from the window's load event. Please make sure it has an appropriate `as` value and it is preloaded intentionally. @ http://localhost:3000/fr:0
[ 6355253ms] [WARNING] The resource http://localhost:3000/HeroImages/ezgif-frame-001.jpg was preloaded using link preload but not used within a few seconds from the window's load event. Please make sure it has an appropriate `as` value and it is preloaded intentionally. @ http://localhost:3000/fr:0
[ 6366296ms] [WARNING] The resource http://localhost:3000/HeroImages/ezgif-frame-001.jpg was preloaded using link preload but not used within a few seconds from the window's load event. Please make sure it has an appropriate `as` value and it is preloaded intentionally. @ http://localhost:3000/fr:0
[ 6385144ms] [WARNING] The resource http://localhost:3000/HeroImages/ezgif-frame-001.jpg was preloaded using link preload but not used within a few seconds from the window's load event. Please make sure it has an appropriate `as` value and it is preloaded intentionally. @ http://localhost:3000/fr:0
[ 6393512ms] [WARNING] The resource http://localhost:3000/HeroImages/ezgif-frame-001.jpg was preloaded using link preload but not used within a few seconds from the window's load event. Please make sure it has an appropriate `as` value and it is preloaded intentionally. @ http://localhost:3000/fr:0
[ 6414959ms] [WARNING] The resource http://localhost:3000/HeroImages/ezgif-frame-001.jpg was preloaded using link preload but not used within a few seconds from the window's load event. Please make sure it has an appropriate `as` value and it is preloaded intentionally. @ http://localhost:3000/fr:0
[ 7422188ms] [LOG] [Fast Refresh] rebuilding @ http://localhost:3000/_next/static/chunks/node_modules_next_dist_115brz8._.js:2477
[ 7422203ms] [LOG] [Fast Refresh] done in 121ms @ http://localhost:3000/_next/static/chunks/node_modules_next_dist_115brz8._.js:2477
[ 7450123ms] [LOG] [Fast Refresh] rebuilding @ http://localhost:3000/_next/static/chunks/node_modules_next_dist_115brz8._.js:2477
[ 7450193ms] [LOG] [Fast Refresh] done in 45ms @ http://localhost:3000/_next/static/chunks/node_modules_next_dist_115brz8._.js:2477
[ 7450308ms] [LOG] [Fast Refresh] rebuilding @ http://localhost:3000/_next/static/chunks/node_modules_next_dist_115brz8._.js:2477
[ 7450455ms] [LOG] [Fast Refresh] done in 253ms @ http://localhost:3000/_next/static/chunks/node_modules_next_dist_115brz8._.js:2477
[ 7453713ms] [WARNING] The resource http://localhost:3000/HeroImages/ezgif-frame-001.jpg was preloaded using link preload but not used within a few seconds from the window's load event. Please make sure it has an appropriate `as` value and it is preloaded intentionally. @ http://localhost:3000/fr:0
[ 7465341ms] [LOG] [Fast Refresh] rebuilding @ http://localhost:3000/_next/static/chunks/node_modules_next_dist_115brz8._.js:2477
[ 7465399ms] [LOG] [Fast Refresh] done in 43ms @ http://localhost:3000/_next/static/chunks/node_modules_next_dist_115brz8._.js:2477
[ 7465505ms] [LOG] [Fast Refresh] rebuilding @ http://localhost:3000/_next/static/chunks/node_modules_next_dist_115brz8._.js:2477
[ 7465530ms] [LOG] [Fast Refresh] done in 129ms @ http://localhost:3000/_next/static/chunks/node_modules_next_dist_115brz8._.js:2477
[ 7468956ms] [WARNING] The resource http://localhost:3000/HeroImages/ezgif-frame-001.jpg was preloaded using link preload but not used within a few seconds from the window's load event. Please make sure it has an appropriate `as` value and it is preloaded intentionally. @ http://localhost:3000/fr:0
[ 7479757ms] [LOG] [Fast Refresh] rebuilding @ http://localhost:3000/_next/static/chunks/node_modules_next_dist_115brz8._.js:2477
[ 7479828ms] [LOG] [Fast Refresh] done in 85ms @ http://localhost:3000/_next/static/chunks/node_modules_next_dist_115brz8._.js:2477
[ 7479957ms] [LOG] [Fast Refresh] rebuilding @ http://localhost:3000/_next/static/chunks/node_modules_next_dist_115brz8._.js:2477
[ 7480080ms] [LOG] [Fast Refresh] done in 226ms @ http://localhost:3000/_next/static/chunks/node_modules_next_dist_115brz8._.js:2477
[ 7480431ms] ReferenceError: preload is not defined
    at HomePage (about://React/Server/C:%5CUsers%5CMAWT%5CDocuments%5Cmawtwebsite%5C.next%5Cdev%5Cserver%5Cchunks%5Cssr%5C%5Broot-of-the-server%5D__02ic4lc._.js?49:887:5)
    at resolveErrorDev (http://localhost:3000/_next/static/chunks/node_modules_next_dist_compiled_react-server-dom-turbopack_0p3wegg._.js:1919:150)
    at processFullStringRow (http://localhost:3000/_next/static/chunks/node_modules_next_dist_compiled_react-server-dom-turbopack_0p3wegg._.js:2434:29)
    at processFullBinaryRow (http://localhost:3000/_next/static/chunks/node_modules_next_dist_compiled_react-server-dom-turbopack_0p3wegg._.js:2393:9)
    at processBinaryChunk (http://localhost:3000/_next/static/chunks/node_modules_next_dist_compiled_react-server-dom-turbopack_0p3wegg._.js:2502:221)
    at progress (http://localhost:3000/_next/static/chunks/node_modules_next_dist_compiled_react-server-dom-turbopack_0p3wegg._.js:2689:13)
[ 7483504ms] [WARNING] The resource http://localhost:3000/HeroImages/ezgif-frame-001.jpg was preloaded using link preload but not used within a few seconds from the window's load event. Please make sure it has an appropriate `as` value and it is preloaded intentionally. @ http://localhost:3000/fr:0
[ 7496971ms] [LOG] [Fast Refresh] rebuilding @ http://localhost:3000/_next/static/chunks/node_modules_next_dist_115brz8._.js:2477
[ 7497030ms] [LOG] [Fast Refresh] done in 82ms @ http://localhost:3000/_next/static/chunks/node_modules_next_dist_115brz8._.js:2477
[ 7497148ms] [LOG] [Fast Refresh] rebuilding @ http://localhost:3000/_next/static/chunks/node_modules_next_dist_115brz8._.js:2477
[ 7497283ms] [LOG] [Fast Refresh] done in 243ms @ http://localhost:3000/_next/static/chunks/node_modules_next_dist_115brz8._.js:2477
[ 7497786ms] [ERROR] Failed to load resource: the server responded with a status of 500 (Internal Server Error) @ http://localhost:3000/fr:0
[ 7497936ms] [INFO] %cDownload the React DevTools for a better development experience: https://react.dev/link/react-devtools font-weight:bold @ http://localhost:3000/_next/static/chunks/node_modules_next_dist_115brz8._.js:2477
[ 7498013ms] [LOG] [HMR] connected @ http://localhost:3000/_next/static/chunks/node_modules_next_dist_115brz8._.js:2477
[ 7498478ms] [LOG] [Fast Refresh] rebuilding @ http://localhost:3000/_next/static/chunks/node_modules_next_dist_115brz8._.js:2477
[ 7498482ms] [LOG] [Fast Refresh] done in 370ms @ http://localhost:3000/_next/static/chunks/node_modules_next_dist_115brz8._.js:2477
[ 7498576ms] ReferenceError: preload is not defined
    at HomePage (about://React/Server/C:%5CUsers%5CMAWT%5CDocuments%5Cmawtwebsite%5C.next%5Cdev%5Cserver%5Cchunks%5Cssr%5C%5Broot-of-the-server%5D__02ic4lc._.js?0:895:5)
    at resolveErrorDev (http://localhost:3000/_next/static/chunks/node_modules_next_dist_compiled_react-server-dom-turbopack_0p3wegg._.js:1919:105)
    at processFullStringRow (http://localhost:3000/_next/static/chunks/node_modules_next_dist_compiled_react-server-dom-turbopack_0p3wegg._.js:2434:29)
    at processFullBinaryRow (http://localhost:3000/_next/static/chunks/node_modules_next_dist_compiled_react-server-dom-turbopack_0p3wegg._.js:2393:9)
    at processBinaryChunk (http://localhost:3000/_next/static/chunks/node_modules_next_dist_compiled_react-server-dom-turbopack_0p3wegg._.js:2502:221)
    at progress (http://localhost:3000/_next/static/chunks/node_modules_next_dist_compiled_react-server-dom-turbopack_0p3wegg._.js:2689:13)
[ 7505670ms] [LOG] [Fast Refresh] rebuilding @ http://localhost:3000/_next/static/chunks/node_modules_next_dist_115brz8._.js:2477
[ 7505719ms] [LOG] [Fast Refresh] done in 73ms @ http://localhost:3000/_next/static/chunks/node_modules_next_dist_115brz8._.js:2477
[ 7505822ms] [LOG] [Fast Refresh] rebuilding @ http://localhost:3000/_next/static/chunks/node_modules_next_dist_115brz8._.js:2477
[ 7506083ms] [LOG] [Fast Refresh] done in 364ms @ http://localhost:3000/_next/static/chunks/node_modules_next_dist_115brz8._.js:2477
[ 7506732ms] [INFO] %cDownload the React DevTools for a better development experience: https://react.dev/link/react-devtools font-weight:bold @ http://localhost:3000/_next/static/chunks/node_modules_next_dist_115brz8._.js:2477
[ 7506749ms] [LOG] [HMR] connected @ http://localhost:3000/_next/static/chunks/node_modules_next_dist_115brz8._.js:2477
[ 7506855ms] [LOG] [Fast Refresh] rebuilding @ http://localhost:3000/_next/static/chunks/node_modules_next_dist_115brz8._.js:2477
[ 7506982ms] [LOG] [Fast Refresh] done in 228ms @ http://localhost:3000/_next/static/chunks/node_modules_next_dist_115brz8._.js:2477
[ 7508496ms] [WARNING] Please ensure that the container has a non-static position, like 'relative', 'fixed', or 'absolute' to ensure scroll offset is calculated correctly. @ http://localhost:3000/_next/static/chunks/node_modules_next_dist_115brz8._.js:2477
[ 7516893ms] [LOG] [Fast Refresh] rebuilding @ http://localhost:3000/_next/static/chunks/node_modules_next_dist_115brz8._.js:2477
[ 7517002ms] [LOG] [Fast Refresh] done in 142ms @ http://localhost:3000/_next/static/chunks/node_modules_next_dist_115brz8._.js:2477
[ 7517116ms] [LOG] [Fast Refresh] rebuilding @ http://localhost:3000/_next/static/chunks/node_modules_next_dist_115brz8._.js:2477
[ 7517347ms] [LOG] [Fast Refresh] done in 340ms @ http://localhost:3000/_next/static/chunks/node_modules_next_dist_115brz8._.js:2477
[ 7536836ms] [LOG] [Fast Refresh] rebuilding @ http://localhost:3000/_next/static/chunks/node_modules_next_dist_115brz8._.js:2477
[ 7536899ms] [LOG] [Fast Refresh] done in 111ms @ http://localhost:3000/_next/static/chunks/node_modules_next_dist_115brz8._.js:2477
[ 7537008ms] [LOG] [Fast Refresh] rebuilding @ http://localhost:3000/_next/static/chunks/node_modules_next_dist_115brz8._.js:2477
[ 7537081ms] [LOG] [Fast Refresh] done in 178ms @ http://localhost:3000/_next/static/chunks/node_modules_next_dist_115brz8._.js:2477
[ 7916886ms] [LOG] [Fast Refresh] rebuilding @ http://localhost:3000/_next/static/chunks/node_modules_next_dist_115brz8._.js:2477
[ 7917758ms] [LOG] [Fast Refresh] done in 975ms @ http://localhost:3000/_next/static/chunks/node_modules_next_dist_115brz8._.js:2477
[ 8266323ms] [LOG] [Fast Refresh] rebuilding @ http://localhost:3000/_next/static/chunks/node_modules_next_dist_115brz8._.js:2477
[ 8266428ms] [LOG] [Fast Refresh] done in 150ms @ http://localhost:3000/_next/static/chunks/node_modules_next_dist_115brz8._.js:2477
[ 8266539ms] [LOG] [Fast Refresh] rebuilding @ http://localhost:3000/_next/static/chunks/node_modules_next_dist_115brz8._.js:2477
[ 8266892ms] [LOG] [Fast Refresh] done in 459ms @ http://localhost:3000/_next/static/chunks/node_modules_next_dist_115brz8._.js:2477
[ 8282186ms] [LOG] [Fast Refresh] rebuilding @ http://localhost:3000/_next/static/chunks/node_modules_next_dist_115brz8._.js:2477
[ 8282236ms] [LOG] [Fast Refresh] done in 103ms @ http://localhost:3000/_next/static/chunks/node_modules_next_dist_115brz8._.js:2477
[ 8282350ms] [LOG] [Fast Refresh] rebuilding @ http://localhost:3000/_next/static/chunks/node_modules_next_dist_115brz8._.js:2477
[ 8282442ms] [LOG] [Fast Refresh] done in 193ms @ http://localhost:3000/_next/static/chunks/node_modules_next_dist_115brz8._.js:2477
[ 8282882ms] [LOG] [Fast Refresh] rebuilding @ http://localhost:3000/_next/static/chunks/node_modules_next_dist_115brz8._.js:2477
[ 8282998ms] [LOG] [Fast Refresh] done in 227ms @ http://localhost:3000/_next/static/chunks/node_modules_next_dist_115brz8._.js:2477
[ 8343753ms] [LOG] [Fast Refresh] rebuilding @ http://localhost:3000/_next/static/chunks/node_modules_next_dist_115brz8._.js:2477
[ 8344345ms] [LOG] [Fast Refresh] done in 702ms @ http://localhost:3000/_next/static/chunks/node_modules_next_dist_115brz8._.js:2477
[ 8740691ms] [LOG] [Fast Refresh] rebuilding @ http://localhost:3000/_next/static/chunks/node_modules_next_dist_115brz8._.js:2477
[ 8740760ms] [LOG] [Fast Refresh] done in 169ms @ http://localhost:3000/_next/static/chunks/node_modules_next_dist_115brz8._.js:2477
[ 8740991ms] [LOG] [Fast Refresh] rebuilding @ http://localhost:3000/_next/static/chunks/node_modules_next_dist_115brz8._.js:2477
[ 8741120ms] [LOG] [Fast Refresh] done in 300ms @ http://localhost:3000/_next/static/chunks/node_modules_next_dist_115brz8._.js:2477
[ 8741482ms] [LOG] [Fast Refresh] rebuilding @ http://localhost:3000/_next/static/chunks/node_modules_next_dist_115brz8._.js:2477
[ 8742014ms] [LOG] [Fast Refresh] done in 674ms @ http://localhost:3000/_next/static/chunks/node_modules_next_dist_115brz8._.js:2477
[ 8742214ms] [LOG] [Fast Refresh] rebuilding @ http://localhost:3000/_next/static/chunks/node_modules_next_dist_115brz8._.js:2477
[ 8742215ms] [LOG] [Fast Refresh] done in 134ms @ http://localhost:3000/_next/static/chunks/node_modules_next_dist_115brz8._.js:2477
[ 8786108ms] [LOG] [Fast Refresh] rebuilding @ http://localhost:3000/_next/static/chunks/node_modules_next_dist_115brz8._.js:2477
[ 8786277ms] [LOG] [Fast Refresh] done in 250ms @ http://localhost:3000/_next/static/chunks/node_modules_next_dist_115brz8._.js:2477
[ 8786446ms] [LOG] [Fast Refresh] rebuilding @ http://localhost:3000/_next/static/chunks/node_modules_next_dist_115brz8._.js:2477
[ 8786797ms] [LOG] [Fast Refresh] done in 452ms @ http://localhost:3000/_next/static/chunks/node_modules_next_dist_115brz8._.js:2477
[ 8787567ms] [LOG] [Fast Refresh] rebuilding @ http://localhost:3000/_next/static/chunks/node_modules_next_dist_115brz8._.js:2477
[ 8790324ms] [LOG] [Fast Refresh] done in 2861ms @ http://localhost:3000/_next/static/chunks/node_modules_next_dist_115brz8._.js:2477
[ 8792107ms] [LOG] [Fast Refresh] rebuilding @ http://localhost:3000/_next/static/chunks/node_modules_next_dist_115brz8._.js:2477
[ 8795792ms] [LOG] [Fast Refresh] done in 3785ms @ http://localhost:3000/_next/static/chunks/node_modules_next_dist_115brz8._.js:2477
[ 8797535ms] [LOG] [Fast Refresh] rebuilding @ http://localhost:3000/_next/static/chunks/node_modules_next_dist_115brz8._.js:2477
[ 8797988ms] [LOG] [Fast Refresh] done in 555ms @ http://localhost:3000/_next/static/chunks/node_modules_next_dist_115brz8._.js:2477
[ 8798155ms] [LOG] [Fast Refresh] rebuilding @ http://localhost:3000/_next/static/chunks/node_modules_next_dist_115brz8._.js:2477
[ 8798312ms] [LOG] [Fast Refresh] done in 260ms @ http://localhost:3000/_next/static/chunks/node_modules_next_dist_115brz8._.js:2477
[ 8839734ms] [LOG] [Fast Refresh] rebuilding @ http://localhost:3000/_next/static/chunks/node_modules_next_dist_115brz8._.js:2477
[ 8840212ms] [LOG] [Fast Refresh] done in 592ms @ http://localhost:3000/_next/static/chunks/node_modules_next_dist_115brz8._.js:2477
[ 8840336ms] [LOG] [Fast Refresh] rebuilding @ http://localhost:3000/_next/static/chunks/node_modules_next_dist_115brz8._.js:2477
[ 8840599ms] [LOG] [Fast Refresh] done in 370ms @ http://localhost:3000/_next/static/chunks/node_modules_next_dist_115brz8._.js:2477
[ 8849981ms] [LOG] [Fast Refresh] rebuilding @ http://localhost:3000/_next/static/chunks/node_modules_next_dist_115brz8._.js:2477
[ 8850071ms] [LOG] [Fast Refresh] done in 192ms @ http://localhost:3000/_next/static/chunks/node_modules_next_dist_115brz8._.js:2477
[ 8850184ms] [LOG] [Fast Refresh] rebuilding @ http://localhost:3000/_next/static/chunks/node_modules_next_dist_115brz8._.js:2477
[ 8850280ms] [LOG] [Fast Refresh] done in 197ms @ http://localhost:3000/_next/static/chunks/node_modules_next_dist_115brz8._.js:2477
[ 8850562ms] [INFO] %cDownload the React DevTools for a better development experience: https://react.dev/link/react-devtools font-weight:bold @ http://localhost:3000/_next/static/chunks/node_modules_next_dist_115brz8._.js:2477
[ 8850630ms] [LOG] [HMR] connected @ http://localhost:3000/_next/static/chunks/node_modules_next_dist_115brz8._.js:2477
[ 8850792ms] [WARNING] Please ensure that the container has a non-static position, like 'relative', 'fixed', or 'absolute' to ensure scroll offset is calculated correctly. @ http://localhost:3000/_next/static/chunks/node_modules_next_dist_115brz8._.js:2477
[ 9524755ms] [LOG] [Fast Refresh] rebuilding @ http://localhost:3000/_next/static/chunks/node_modules_next_dist_115brz8._.js:2477
[ 9524952ms] [LOG] [Fast Refresh] done in 348ms @ http://localhost:3000/_next/static/chunks/node_modules_next_dist_115brz8._.js:2477
[ 9525142ms] [LOG] [Fast Refresh] rebuilding @ http://localhost:3000/_next/static/chunks/node_modules_next_dist_115brz8._.js:2477
[ 9525492ms] [LOG] [Fast Refresh] done in 455ms @ http://localhost:3000/_next/static/chunks/node_modules_next_dist_115brz8._.js:2477
[ 9525903ms] [LOG] [Fast Refresh] rebuilding @ http://localhost:3000/_next/static/chunks/node_modules_next_dist_115brz8._.js:2477
[ 9526762ms] [LOG] [Fast Refresh] done in 337ms @ http://localhost:3000/_next/static/chunks/node_modules_next_dist_115brz8._.js:2477
[ 9544843ms] [LOG] [Fast Refresh] rebuilding @ http://localhost:3000/_next/static/chunks/node_modules_next_dist_115brz8._.js:2477
[ 9544868ms] [LOG] [Fast Refresh] done in 492ms @ http://localhost:3000/_next/static/chunks/node_modules_next_dist_115brz8._.js:2477
[ 9617878ms] [LOG] [Fast Refresh] rebuilding @ http://localhost:3000/_next/static/chunks/node_modules_next_dist_115brz8._.js:2477
[ 9617959ms] [ERROR] ./src/lib/actions.ts:127:16
the name `sendLeadNotification` is defined multiple times
  125 |  * submission — the lead is already persisted.
  126 |  */
> 127 | async function sendLeadNotification(lead: {
      |                ^^^^^^^^^^^^^^^^^^^^
  128 |   name: string;
  129 |   email: string;
  130 |   service?: string;

Ecmascript file had an error @ http://localhost:3000/_next/static/chunks/node_modules_next_dist_115brz8._.js:3318
[ 9618189ms] [LOG] [Fast Refresh] rebuilding @ http://localhost:3000/_next/static/chunks/node_modules_next_dist_115brz8._.js:2477
[ 9618253ms] [ERROR] ./src/lib/actions.ts:127:16
the name `sendLeadNotification` is defined multiple times
  125 |  * submission — the lead is already persisted.
  126 |  */
> 127 | async function sendLeadNotification(lead: {
      |                ^^^^^^^^^^^^^^^^^^^^
  128 |   name: string;
  129 |   email: string;
  130 |   service?: string;

Ecmascript file had an error @ http://localhost:3000/_next/static/chunks/node_modules_next_dist_115brz8._.js:3318
[ 9618255ms] [ERROR] ./src/lib/actions.ts:127:16
the name `sendLeadNotification` is defined multiple times
  125 |  * submission — the lead is already persisted.
  126 |  */
> 127 | async function sendLeadNotification(lead: {
      |                ^^^^^^^^^^^^^^^^^^^^
  128 |   name: string;
  129 |   email: string;
  130 |   service?: string;

Ecmascript file had an error @ http://localhost:3000/_next/static/chunks/node_modules_next_dist_115brz8._.js:3318
[ 9618256ms] [ERROR] ./src/lib/actions.ts:127:16
the name `sendLeadNotification` is defined multiple times
  125 |  * submission — the lead is already persisted.
  126 |  */
> 127 | async function sendLeadNotification(lead: {
      |                ^^^^^^^^^^^^^^^^^^^^
  128 |   name: string;
  129 |   email: string;
  130 |   service?: string;

Ecmascript file had an error @ http://localhost:3000/_next/static/chunks/node_modules_next_dist_115brz8._.js:3318
[ 9618344ms] [ERROR] Failed to load resource: the server responded with a status of 500 (Internal Server Error) @ http://localhost:3000/fr?_rsc=IphQ29U6vA3-SeZV:0
[ 9618379ms] [LOG] [Fast Refresh] rebuilding @ http://localhost:3000/_next/static/chunks/node_modules_next_dist_115brz8._.js:2477
[ 9618439ms] [ERROR] Failed to load resource: the server responded with a status of 500 (Internal Server Error) @ http://localhost:3000/fr?_rsc=IphQ29U6vA3-SeZV:0
[ 9618454ms] [ERROR] ./src/lib/actions.ts:127:16
the name `sendLeadNotification` is defined multiple times
  125 |  * submission — the lead is already persisted.
  126 |  */
> 127 | async function sendLeadNotification(lead: {
      |                ^^^^^^^^^^^^^^^^^^^^
  128 |   name: string;
  129 |   email: string;
  130 |   service?: string;

Ecmascript file had an error @ http://localhost:3000/_next/static/chunks/node_modules_next_dist_115brz8._.js:3318
[ 9618569ms] [LOG] [Fast Refresh] rebuilding @ http://localhost:3000/_next/static/chunks/node_modules_next_dist_115brz8._.js:2477
[ 9618588ms] [ERROR] ./src/lib/actions.ts:127:16
the name `sendLeadNotification` is defined multiple times
  125 |  * submission — the lead is already persisted.
  126 |  */
> 127 | async function sendLeadNotification(lead: {
      |                ^^^^^^^^^^^^^^^^^^^^
  128 |   name: string;
  129 |   email: string;
  130 |   service?: string;

Ecmascript file had an error @ http://localhost:3000/_next/static/chunks/node_modules_next_dist_115brz8._.js:3318
[ 9618624ms] [ERROR] Failed to load resource: the server responded with a status of 500 (Internal Server Error) @ http://localhost:3000/fr:0
[ 9618777ms] [INFO] %cDownload the React DevTools for a better development experience: https://react.dev/link/react-devtools font-weight:bold @ http://localhost:3000/_next/static/chunks/node_modules_react-dom_0bruynb._.js:15305
[ 9619043ms] Error: ./src/lib/actions.ts:127:16
the name `sendLeadNotification` is defined multiple times
  125 |  * submission — the lead is already persisted.
  126 |  */
> 127 | async function sendLeadNotification(lead: {
      |                ^^^^^^^^^^^^^^^^^^^^
  128 |   name: string;
  129 |   email: string;
  130 |   service?: string;

Ecmascript file had an error


    at <unknown> (Error: ./src/lib/actions.ts:127:16)
    at Object.getCompilationErrors (file://C:\Users\MAWT\Documents\mawtwebsite\node_modules\next\dist\server\dev\hot-reloader-turbopack.js:1186:59)
    at DevBundlerService.getCompilationError (file://C:\Users\MAWT\Documents\mawtwebsite\node_modules\next\dist\server\lib\dev-bundler-service.js:44:55)
    at DevServer.getCompilationError (file://C:\Users\MAWT\Documents\mawtwebsite\node_modules\next\dist\server\dev\next-dev-server.js:720:42)
    at DevServer.findPageComponents (file://C:\Users\MAWT\Documents\mawtwebsite\node_modules\next\dist\server\dev\next-dev-server.js:690:43)
    at async DevServer.renderErrorToResponseImpl (file://C:\Users\MAWT\Documents\mawtwebsite\node_modules\next\dist\server\base-server.js:1753:26)
[ 9619044ms] [LOG] [HMR] connected @ http://localhost:3000/_next/static/chunks/node_modules_next_dist_0u_w_5s._.js:1226
[ 9619061ms] [ERROR] ./src/lib/actions.ts:127:16
the name `sendLeadNotification` is defined multiple times
  125 |  * submission — the lead is already persisted.
  126 |  */
> 127 | async function sendLeadNotification(lead: {
      |                ^^^^^^^^^^^^^^^^^^^^
  128 |   name: string;
  129 |   email: string;
  130 |   service?: string;

Ecmascript file had an error @ http://localhost:3000/_next/static/chunks/node_modules_next_dist_0u_w_5s._.js:1945
[ 9619062ms] [ERROR] ./src/lib/actions.ts:127:16
the name `sendLeadNotification` is defined multiple times
  125 |  * submission — the lead is already persisted.
  126 |  */
> 127 | async function sendLeadNotification(lead: {
      |                ^^^^^^^^^^^^^^^^^^^^
  128 |   name: string;
  129 |   email: string;
  130 |   service?: string;

Ecmascript file had an error @ http://localhost:3000/_next/static/chunks/node_modules_next_dist_0u_w_5s._.js:1945
[ 9619062ms] [ERROR] ./src/lib/actions.ts:127:16
the name `sendLeadNotification` is defined multiple times
  125 |  * submission — the lead is already persisted.
  126 |  */
> 127 | async function sendLeadNotification(lead: {
      |                ^^^^^^^^^^^^^^^^^^^^
  128 |   name: string;
  129 |   email: string;
  130 |   service?: string;

Ecmascript file had an error @ http://localhost:3000/_next/static/chunks/node_modules_next_dist_0u_w_5s._.js:1945
[ 9619180ms] [ERROR] ./src/lib/actions.ts:127:16
the name `sendLeadNotification` is defined multiple times
  125 |  * submission — the lead is already persisted.
  126 |  */
> 127 | async function sendLeadNotification(lead: {
      |                ^^^^^^^^^^^^^^^^^^^^
  128 |   name: string;
  129 |   email: string;
  130 |   service?: string;

Ecmascript file had an error @ http://localhost:3000/_next/static/chunks/node_modules_next_dist_0u_w_5s._.js:1945
[ 9619184ms] [LOG] [Fast Refresh] rebuilding @ http://localhost:3000/_next/static/chunks/node_modules_next_dist_0u_w_5s._.js:1226
[ 9619248ms] [ERROR] ./src/lib/actions.ts:127:16
the name `sendLeadNotification` is defined multiple times
  125 |  * submission — the lead is already persisted.
  126 |  */
> 127 | async function sendLeadNotification(lead: {
      |                ^^^^^^^^^^^^^^^^^^^^
  128 |   name: string;
  129 |   email: string;
  130 |   service?: string;

Ecmascript file had an error @ http://localhost:3000/_next/static/chunks/node_modules_next_dist_0u_w_5s._.js:1945
[ 9619859ms] [ERROR] ./src/lib/actions.ts:127:16
the name `sendLeadNotification` is defined multiple times
  125 |  * submission — the lead is already persisted.
  126 |  */
> 127 | async function sendLeadNotification(lead: {
      |                ^^^^^^^^^^^^^^^^^^^^
  128 |   name: string;
  129 |   email: string;
  130 |   service?: string;

Ecmascript file had an error @ http://localhost:3000/_next/static/chunks/node_modules_next_dist_0u_w_5s._.js:1945
[ 9619870ms] [ERROR] ./src/lib/actions.ts:127:16
the name `sendLeadNotification` is defined multiple times
  125 |  * submission — the lead is already persisted.
  126 |  */
> 127 | async function sendLeadNotification(lead: {
      |                ^^^^^^^^^^^^^^^^^^^^
  128 |   name: string;
  129 |   email: string;
  130 |   service?: string;

Ecmascript file had an error @ http://localhost:3000/_next/static/chunks/node_modules_next_dist_0u_w_5s._.js:1945
[ 9619870ms] [LOG] [Fast Refresh] rebuilding @ http://localhost:3000/_next/static/chunks/node_modules_next_dist_0u_w_5s._.js:1226
[ 9620494ms] [ERROR] ./src/lib/actions.ts:128:16
the name `sendLeadNotification` is defined multiple times
  126 |  * submission — the lead is already persisted.
  127 |  */
> 128 | async function sendLeadNotification(lead: {
      |                ^^^^^^^^^^^^^^^^^^^^
  129 |   name: string;
  130 |   email: string;
  131 |   service?: string;

Ecmascript file had an error @ http://localhost:3000/_next/static/chunks/node_modules_next_dist_0u_w_5s._.js:1945
[ 9620501ms] [ERROR] ./src/lib/actions.ts:128:16
the name `sendLeadNotification` is defined multiple times
  126 |  * submission — the lead is already persisted.
  127 |  */
> 128 | async function sendLeadNotification(lead: {
      |                ^^^^^^^^^^^^^^^^^^^^
  129 |   name: string;
  130 |   email: string;
  131 |   service?: string;

Ecmascript file had an error @ http://localhost:3000/_next/static/chunks/node_modules_next_dist_0u_w_5s._.js:1945
[ 9620501ms] [ERROR] ./src/lib/actions.ts:128:16
the name `sendLeadNotification` is defined multiple times
  126 |  * submission — the lead is already persisted.
  127 |  */
> 128 | async function sendLeadNotification(lead: {
      |                ^^^^^^^^^^^^^^^^^^^^
  129 |   name: string;
  130 |   email: string;
  131 |   service?: string;

Ecmascript file had an error @ http://localhost:3000/_next/static/chunks/node_modules_next_dist_0u_w_5s._.js:1945
[ 9620501ms] [ERROR] ./src/lib/actions.ts:128:16
the name `sendLeadNotification` is defined multiple times
  126 |  * submission — the lead is already persisted.
  127 |  */
> 128 | async function sendLeadNotification(lead: {
      |                ^^^^^^^^^^^^^^^^^^^^
  129 |   name: string;
  130 |   email: string;
  131 |   service?: string;

Ecmascript file had an error @ http://localhost:3000/_next/static/chunks/node_modules_next_dist_0u_w_5s._.js:1945
[ 9620502ms] [ERROR] ./src/lib/actions.ts:128:16
the name `sendLeadNotification` is defined multiple times
  126 |  * submission — the lead is already persisted.
  127 |  */
> 128 | async function sendLeadNotification(lead: {
      |                ^^^^^^^^^^^^^^^^^^^^
  129 |   name: string;
  130 |   email: string;
  131 |   service?: string;

Ecmascript file had an error @ http://localhost:3000/_next/static/chunks/node_modules_next_dist_0u_w_5s._.js:1945
[ 9620502ms] [ERROR] ./src/lib/actions.ts:128:16
the name `sendLeadNotification` is defined multiple times
  126 |  * submission — the lead is already persisted.
  127 |  */
> 128 | async function sendLeadNotification(lead: {
      |                ^^^^^^^^^^^^^^^^^^^^
  129 |   name: string;
  130 |   email: string;
  131 |   service?: string;

Ecmascript file had an error @ http://localhost:3000/_next/static/chunks/node_modules_next_dist_0u_w_5s._.js:1945
[ 9620503ms] [ERROR] ./src/lib/actions.ts:128:16
the name `sendLeadNotification` is defined multiple times
  126 |  * submission — the lead is already persisted.
  127 |  */
> 128 | async function sendLeadNotification(lead: {
      |                ^^^^^^^^^^^^^^^^^^^^
  129 |   name: string;
  130 |   email: string;
  131 |   service?: string;

Ecmascript file had an error @ http://localhost:3000/_next/static/chunks/node_modules_next_dist_0u_w_5s._.js:1945
[ 9620547ms] [ERROR] Failed to load resource: the server responded with a status of 500 (Internal Server Error) @ http://localhost:3000/fr:0
[ 9620570ms] [INFO] %cDownload the React DevTools for a better development experience: https://react.dev/link/react-devtools font-weight:bold @ http://localhost:3000/_next/static/chunks/node_modules_react-dom_0bruynb._.js:15305
[ 9620575ms] Error: ./src/lib/actions.ts:128:16
the name `sendLeadNotification` is defined multiple times
  126 |  * submission — the lead is already persisted.
  127 |  */
> 128 | async function sendLeadNotification(lead: {
      |                ^^^^^^^^^^^^^^^^^^^^
  129 |   name: string;
  130 |   email: string;
  131 |   service?: string;

Ecmascript file had an error


    at <unknown> (Error: ./src/lib/actions.ts:128:16)
    at Object.getCompilationErrors (file://C:\Users\MAWT\Documents\mawtwebsite\node_modules\next\dist\server\dev\hot-reloader-turbopack.js:1186:59)
    at DevBundlerService.getCompilationError (file://C:\Users\MAWT\Documents\mawtwebsite\node_modules\next\dist\server\lib\dev-bundler-service.js:44:55)
    at DevServer.getCompilationError (file://C:\Users\MAWT\Documents\mawtwebsite\node_modules\next\dist\server\dev\next-dev-server.js:720:42)
    at DevServer.findPageComponents (file://C:\Users\MAWT\Documents\mawtwebsite\node_modules\next\dist\server\dev\next-dev-server.js:690:43)
    at async DevServer.renderErrorToResponseImpl (file://C:\Users\MAWT\Documents\mawtwebsite\node_modules\next\dist\server\base-server.js:1753:26)
[ 9620576ms] [LOG] [HMR] connected @ http://localhost:3000/_next/static/chunks/node_modules_next_dist_0u_w_5s._.js:1226
[ 9620577ms] [ERROR] ./src/lib/actions.ts:128:16
the name `sendLeadNotification` is defined multiple times
  126 |  * submission — the lead is already persisted.
  127 |  */
> 128 | async function sendLeadNotification(lead: {
      |                ^^^^^^^^^^^^^^^^^^^^
  129 |   name: string;
  130 |   email: string;
  131 |   service?: string;

Ecmascript file had an error @ http://localhost:3000/_next/static/chunks/node_modules_next_dist_0u_w_5s._.js:1945
[ 9620644ms] [ERROR] ./src/lib/actions.ts:128:16
the name `sendLeadNotification` is defined multiple times
  126 |  * submission — the lead is already persisted.
  127 |  */
> 128 | async function sendLeadNotification(lead: {
      |                ^^^^^^^^^^^^^^^^^^^^
  129 |   name: string;
  130 |   email: string;
  131 |   service?: string;

Ecmascript file had an error @ http://localhost:3000/_next/static/chunks/node_modules_next_dist_0u_w_5s._.js:1945
[ 9620743ms] [ERROR] ./src/lib/actions.ts:128:16
the name `sendLeadNotification` is defined multiple times
  126 |  * submission — the lead is already persisted.
  127 |  */
> 128 | async function sendLeadNotification(lead: {
      |                ^^^^^^^^^^^^^^^^^^^^
  129 |   name: string;
  130 |   email: string;
  131 |   service?: string;

Ecmascript file had an error @ http://localhost:3000/_next/static/chunks/node_modules_next_dist_0u_w_5s._.js:1945
[ 9620760ms] [LOG] [Fast Refresh] rebuilding @ http://localhost:3000/_next/static/chunks/node_modules_next_dist_0u_w_5s._.js:1226
[ 9620837ms] [ERROR] ./src/lib/actions.ts:128:16
the name `sendLeadNotification` is defined multiple times
  126 |  * submission — the lead is already persisted.
  127 |  */
> 128 | async function sendLeadNotification(lead: {
      |                ^^^^^^^^^^^^^^^^^^^^
  129 |   name: string;
  130 |   email: string;
  131 |   service?: string;

Ecmascript file had an error @ http://localhost:3000/_next/static/chunks/node_modules_next_dist_0u_w_5s._.js:1945
[ 9621098ms] [ERROR] ./src/lib/actions.ts:128:16
the name `sendLeadNotification` is defined multiple times
  126 |  * submission — the lead is already persisted.
  127 |  */
> 128 | async function sendLeadNotification(lead: {
      |                ^^^^^^^^^^^^^^^^^^^^
  129 |   name: string;
  130 |   email: string;
  131 |   service?: string;

Ecmascript file had an error @ http://localhost:3000/_next/static/chunks/node_modules_next_dist_0u_w_5s._.js:1945
[ 9621154ms] [ERROR] ./src/lib/actions.ts:128:16
the name `sendLeadNotification` is defined multiple times
  126 |  * submission — the lead is already persisted.
  127 |  */
> 128 | async function sendLeadNotification(lead: {
      |                ^^^^^^^^^^^^^^^^^^^^
  129 |   name: string;
  130 |   email: string;
  131 |   service?: string;

Ecmascript file had an error @ http://localhost:3000/_next/static/chunks/node_modules_next_dist_0u_w_5s._.js:1945
[ 9621303ms] [ERROR] ./src/lib/actions.ts:128:16
the name `sendLeadNotification` is defined multiple times
  126 |  * submission — the lead is already persisted.
  127 |  */
> 128 | async function sendLeadNotification(lead: {
      |                ^^^^^^^^^^^^^^^^^^^^
  129 |   name: string;
  130 |   email: string;
  131 |   service?: string;

Ecmascript file had an error @ http://localhost:3000/_next/static/chunks/node_modules_next_dist_0u_w_5s._.js:1945
[ 9621365ms] [ERROR] ./src/lib/actions.ts:128:16
the name `sendLeadNotification` is defined multiple times
  126 |  * submission — the lead is already persisted.
  127 |  */
> 128 | async function sendLeadNotification(lead: {
      |                ^^^^^^^^^^^^^^^^^^^^
  129 |   name: string;
  130 |   email: string;
  131 |   service?: string;

Ecmascript file had an error @ http://localhost:3000/_next/static/chunks/node_modules_next_dist_0u_w_5s._.js:1945
[ 9621421ms] [ERROR] ./src/lib/actions.ts:128:16
the name `sendLeadNotification` is defined multiple times
  126 |  * submission — the lead is already persisted.
  127 |  */
> 128 | async function sendLeadNotification(lead: {
      |                ^^^^^^^^^^^^^^^^^^^^
  129 |   name: string;
  130 |   email: string;
  131 |   service?: string;

Ecmascript file had an error @ http://localhost:3000/_next/static/chunks/node_modules_next_dist_0u_w_5s._.js:1945
[ 9621482ms] [ERROR] ./src/lib/actions.ts:128:16
the name `sendLeadNotification` is defined multiple times
  126 |  * submission — the lead is already persisted.
  127 |  */
> 128 | async function sendLeadNotification(lead: {
      |                ^^^^^^^^^^^^^^^^^^^^
  129 |   name: string;
  130 |   email: string;
  131 |   service?: string;

Ecmascript file had an error @ http://localhost:3000/_next/static/chunks/node_modules_next_dist_0u_w_5s._.js:1945
[ 9621543ms] [ERROR] ./src/lib/actions.ts:128:16
the name `sendLeadNotification` is defined multiple times
  126 |  * submission — the lead is already persisted.
  127 |  */
> 128 | async function sendLeadNotification(lead: {
      |                ^^^^^^^^^^^^^^^^^^^^
  129 |   name: string;
  130 |   email: string;
  131 |   service?: string;

Ecmascript file had an error @ http://localhost:3000/_next/static/chunks/node_modules_next_dist_0u_w_5s._.js:1945
[ 9621611ms] [ERROR] ./src/lib/actions.ts:128:16
the name `sendLeadNotification` is defined multiple times
  126 |  * submission — the lead is already persisted.
  127 |  */
> 128 | async function sendLeadNotification(lead: {
      |                ^^^^^^^^^^^^^^^^^^^^
  129 |   name: string;
  130 |   email: string;
  131 |   service?: string;

Ecmascript file had an error @ http://localhost:3000/_next/static/chunks/node_modules_next_dist_0u_w_5s._.js:1945
[ 9621677ms] [ERROR] ./src/lib/actions.ts:128:16
the name `sendLeadNotification` is defined multiple times
  126 |  * submission — the lead is already persisted.
  127 |  */
> 128 | async function sendLeadNotification(lead: {
      |                ^^^^^^^^^^^^^^^^^^^^
  129 |   name: string;
  130 |   email: string;
  131 |   service?: string;

Ecmascript file had an error @ http://localhost:3000/_next/static/chunks/node_modules_next_dist_0u_w_5s._.js:1945
[ 9621750ms] [ERROR] ./src/lib/actions.ts:128:16
the name `sendLeadNotification` is defined multiple times
  126 |  * submission — the lead is already persisted.
  127 |  */
> 128 | async function sendLeadNotification(lead: {
      |                ^^^^^^^^^^^^^^^^^^^^
  129 |   name: string;
  130 |   email: string;
  131 |   service?: string;

Ecmascript file had an error @ http://localhost:3000/_next/static/chunks/node_modules_next_dist_0u_w_5s._.js:1945
[ 9621807ms] [ERROR] ./src/lib/actions.ts:128:16
the name `sendLeadNotification` is defined multiple times
  126 |  * submission — the lead is already persisted.
  127 |  */
> 128 | async function sendLeadNotification(lead: {
      |                ^^^^^^^^^^^^^^^^^^^^
  129 |   name: string;
  130 |   email: string;
  131 |   service?: string;

Ecmascript file had an error @ http://localhost:3000/_next/static/chunks/node_modules_next_dist_0u_w_5s._.js:1945
[ 9621871ms] [ERROR] ./src/lib/actions.ts:128:16
the name `sendLeadNotification` is defined multiple times
  126 |  * submission — the lead is already persisted.
  127 |  */
> 128 | async function sendLeadNotification(lead: {
      |                ^^^^^^^^^^^^^^^^^^^^
  129 |   name: string;
  130 |   email: string;
  131 |   service?: string;

Ecmascript file had an error @ http://localhost:3000/_next/static/chunks/node_modules_next_dist_0u_w_5s._.js:1945
[ 9621929ms] [ERROR] ./src/lib/actions.ts:128:16
the name `sendLeadNotification` is defined multiple times
  126 |  * submission — the lead is already persisted.
  127 |  */
> 128 | async function sendLeadNotification(lead: {
      |                ^^^^^^^^^^^^^^^^^^^^
  129 |   name: string;
  130 |   email: string;
  131 |   service?: string;

Ecmascript file had an error @ http://localhost:3000/_next/static/chunks/node_modules_next_dist_0u_w_5s._.js:1945
[ 9622020ms] [ERROR] ./src/lib/actions.ts:128:16
the name `sendLeadNotification` is defined multiple times
  126 |  * submission — the lead is already persisted.
  127 |  */
> 128 | async function sendLeadNotification(lead: {
      |                ^^^^^^^^^^^^^^^^^^^^
  129 |   name: string;
  130 |   email: string;
  131 |   service?: string;

Ecmascript file had an error @ http://localhost:3000/_next/static/chunks/node_modules_next_dist_0u_w_5s._.js:1945
[ 9622086ms] [ERROR] ./src/lib/actions.ts:128:16
the name `sendLeadNotification` is defined multiple times
  126 |  * submission — the lead is already persisted.
  127 |  */
> 128 | async function sendLeadNotification(lead: {
      |                ^^^^^^^^^^^^^^^^^^^^
  129 |   name: string;
  130 |   email: string;
  131 |   service?: string;

Ecmascript file had an error @ http://localhost:3000/_next/static/chunks/node_modules_next_dist_0u_w_5s._.js:1945
[ 9622170ms] [ERROR] ./src/lib/actions.ts:128:16
the name `sendLeadNotification` is defined multiple times
  126 |  * submission — the lead is already persisted.
  127 |  */
> 128 | async function sendLeadNotification(lead: {
      |                ^^^^^^^^^^^^^^^^^^^^
  129 |   name: string;
  130 |   email: string;
  131 |   service?: string;

Ecmascript file had an error @ http://localhost:3000/_next/static/chunks/node_modules_next_dist_0u_w_5s._.js:1945
[ 9622226ms] [ERROR] ./src/lib/actions.ts:128:16
the name `sendLeadNotification` is defined multiple times
  126 |  * submission — the lead is already persisted.
  127 |  */
> 128 | async function sendLeadNotification(lead: {
      |                ^^^^^^^^^^^^^^^^^^^^
  129 |   name: string;
  130 |   email: string;
  131 |   service?: string;

Ecmascript file had an error @ http://localhost:3000/_next/static/chunks/node_modules_next_dist_0u_w_5s._.js:1945
[ 9622290ms] [ERROR] ./src/lib/actions.ts:128:16
the name `sendLeadNotification` is defined multiple times
  126 |  * submission — the lead is already persisted.
  127 |  */
> 128 | async function sendLeadNotification(lead: {
      |                ^^^^^^^^^^^^^^^^^^^^
  129 |   name: string;
  130 |   email: string;
  131 |   service?: string;

Ecmascript file had an error @ http://localhost:3000/_next/static/chunks/node_modules_next_dist_0u_w_5s._.js:1945
[ 9622351ms] [ERROR] ./src/lib/actions.ts:128:16
the name `sendLeadNotification` is defined multiple times
  126 |  * submission — the lead is already persisted.
  127 |  */
> 128 | async function sendLeadNotification(lead: {
      |                ^^^^^^^^^^^^^^^^^^^^
  129 |   name: string;
  130 |   email: string;
  131 |   service?: string;

Ecmascript file had an error @ http://localhost:3000/_next/static/chunks/node_modules_next_dist_0u_w_5s._.js:1945
[ 9622410ms] [ERROR] ./src/lib/actions.ts:128:16
the name `sendLeadNotification` is defined multiple times
  126 |  * submission — the lead is already persisted.
  127 |  */
> 128 | async function sendLeadNotification(lead: {
      |                ^^^^^^^^^^^^^^^^^^^^
  129 |   name: string;
  130 |   email: string;
  131 |   service?: string;

Ecmascript file had an error @ http://localhost:3000/_next/static/chunks/node_modules_next_dist_0u_w_5s._.js:1945
[ 9622474ms] [ERROR] ./src/lib/actions.ts:128:16
the name `sendLeadNotification` is defined multiple times
  126 |  * submission — the lead is already persisted.
  127 |  */
> 128 | async function sendLeadNotification(lead: {
      |                ^^^^^^^^^^^^^^^^^^^^
  129 |   name: string;
  130 |   email: string;
  131 |   service?: string;

Ecmascript file had an error @ http://localhost:3000/_next/static/chunks/node_modules_next_dist_0u_w_5s._.js:1945
[ 9622640ms] [ERROR] ./src/lib/actions.ts:128:16
the name `sendLeadNotification` is defined multiple times
  126 |  * submission — the lead is already persisted.
  127 |  */
> 128 | async function sendLeadNotification(lead: {
      |                ^^^^^^^^^^^^^^^^^^^^
  129 |   name: string;
  130 |   email: string;
  131 |   service?: string;

Ecmascript file had an error @ http://localhost:3000/_next/static/chunks/node_modules_next_dist_0u_w_5s._.js:1945
[ 9622641ms] [LOG] [Fast Refresh] rebuilding @ http://localhost:3000/_next/static/chunks/node_modules_next_dist_0u_w_5s._.js:1226
[ 9622713ms] [ERROR] ./src/lib/actions.ts:128:16
the name `sendLeadNotification` is defined multiple times
  126 |  * submission — the lead is already persisted.
  127 |  */
> 128 | async function sendLeadNotification(lead: {
      |                ^^^^^^^^^^^^^^^^^^^^
  129 |   name: string;
  130 |   email: string;
  131 |   service?: string;

Ecmascript file had an error @ http://localhost:3000/_next/static/chunks/node_modules_next_dist_0u_w_5s._.js:1945
[ 9622770ms] [ERROR] ./src/lib/actions.ts:128:16
the name `sendLeadNotification` is defined multiple times
  126 |  * submission — the lead is already persisted.
  127 |  */
> 128 | async function sendLeadNotification(lead: {
      |                ^^^^^^^^^^^^^^^^^^^^
  129 |   name: string;
  130 |   email: string;
  131 |   service?: string;

Ecmascript file had an error @ http://localhost:3000/_next/static/chunks/node_modules_next_dist_0u_w_5s._.js:1945
[ 9622830ms] [ERROR] ./src/lib/actions.ts:128:16
the name `sendLeadNotification` is defined multiple times
  126 |  * submission — the lead is already persisted.
  127 |  */
> 128 | async function sendLeadNotification(lead: {
      |                ^^^^^^^^^^^^^^^^^^^^
  129 |   name: string;
  130 |   email: string;
  131 |   service?: string;

Ecmascript file had an error @ http://localhost:3000/_next/static/chunks/node_modules_next_dist_0u_w_5s._.js:1945
[ 9622893ms] [ERROR] ./src/lib/actions.ts:128:16
the name `sendLeadNotification` is defined multiple times
  126 |  * submission — the lead is already persisted.
  127 |  */
> 128 | async function sendLeadNotification(lead: {
      |                ^^^^^^^^^^^^^^^^^^^^
  129 |   name: string;
  130 |   email: string;
  131 |   service?: string;

Ecmascript file had an error @ http://localhost:3000/_next/static/chunks/node_modules_next_dist_0u_w_5s._.js:1945
[ 9622956ms] [ERROR] ./src/lib/actions.ts:128:16
the name `sendLeadNotification` is defined multiple times
  126 |  * submission — the lead is already persisted.
  127 |  */
> 128 | async function sendLeadNotification(lead: {
      |                ^^^^^^^^^^^^^^^^^^^^
  129 |   name: string;
  130 |   email: string;
  131 |   service?: string;

Ecmascript file had an error @ http://localhost:3000/_next/static/chunks/node_modules_next_dist_0u_w_5s._.js:1945
[ 9623016ms] [ERROR] ./src/lib/actions.ts:128:16
the name `sendLeadNotification` is defined multiple times
  126 |  * submission — the lead is already persisted.
  127 |  */
> 128 | async function sendLeadNotification(lead: {
      |                ^^^^^^^^^^^^^^^^^^^^
  129 |   name: string;
  130 |   email: string;
  131 |   service?: string;

Ecmascript file had an error @ http://localhost:3000/_next/static/chunks/node_modules_next_dist_0u_w_5s._.js:1945
[ 9623083ms] [ERROR] ./src/lib/actions.ts:128:16
the name `sendLeadNotification` is defined multiple times
  126 |  * submission — the lead is already persisted.
  127 |  */
> 128 | async function sendLeadNotification(lead: {
      |                ^^^^^^^^^^^^^^^^^^^^
  129 |   name: string;
  130 |   email: string;
  131 |   service?: string;

Ecmascript file had an error @ http://localhost:3000/_next/static/chunks/node_modules_next_dist_0u_w_5s._.js:1945
[ 9623140ms] [ERROR] ./src/lib/actions.ts:128:16
the name `sendLeadNotification` is defined multiple times
  126 |  * submission — the lead is already persisted.
  127 |  */
> 128 | async function sendLeadNotification(lead: {
      |                ^^^^^^^^^^^^^^^^^^^^
  129 |   name: string;
  130 |   email: string;
  131 |   service?: string;

Ecmascript file had an error @ http://localhost:3000/_next/static/chunks/node_modules_next_dist_0u_w_5s._.js:1945
[ 9623203ms] [ERROR] ./src/lib/actions.ts:128:16
the name `sendLeadNotification` is defined multiple times
  126 |  * submission — the lead is already persisted.
  127 |  */
> 128 | async function sendLeadNotification(lead: {
      |                ^^^^^^^^^^^^^^^^^^^^
  129 |   name: string;
  130 |   email: string;
  131 |   service?: string;

Ecmascript file had an error @ http://localhost:3000/_next/static/chunks/node_modules_next_dist_0u_w_5s._.js:1945
[ 9623265ms] [ERROR] ./src/lib/actions.ts:128:16
the name `sendLeadNotification` is defined multiple times
  126 |  * submission — the lead is already persisted.
  127 |  */
> 128 | async function sendLeadNotification(lead: {
      |                ^^^^^^^^^^^^^^^^^^^^
  129 |   name: string;
  130 |   email: string;
  131 |   service?: string;

Ecmascript file had an error @ http://localhost:3000/_next/static/chunks/node_modules_next_dist_0u_w_5s._.js:1945
[ 9623340ms] [ERROR] ./src/lib/actions.ts:128:16
the name `sendLeadNotification` is defined multiple times
  126 |  * submission — the lead is already persisted.
  127 |  */
> 128 | async function sendLeadNotification(lead: {
      |                ^^^^^^^^^^^^^^^^^^^^
  129 |   name: string;
  130 |   email: string;
  131 |   service?: string;

Ecmascript file had an error @ http://localhost:3000/_next/static/chunks/node_modules_next_dist_0u_w_5s._.js:1945
[ 9623427ms] [ERROR] ./src/lib/actions.ts:128:16
the name `sendLeadNotification` is defined multiple times
  126 |  * submission — the lead is already persisted.
  127 |  */
> 128 | async function sendLeadNotification(lead: {
      |                ^^^^^^^^^^^^^^^^^^^^
  129 |   name: string;
  130 |   email: string;
  131 |   service?: string;

Ecmascript file had an error @ http://localhost:3000/_next/static/chunks/node_modules_next_dist_0u_w_5s._.js:1945
[ 9623485ms] [ERROR] ./src/lib/actions.ts:128:16
the name `sendLeadNotification` is defined multiple times
  126 |  * submission — the lead is already persisted.
  127 |  */
> 128 | async function sendLeadNotification(lead: {
      |                ^^^^^^^^^^^^^^^^^^^^
  129 |   name: string;
  130 |   email: string;
  131 |   service?: string;

Ecmascript file had an error @ http://localhost:3000/_next/static/chunks/node_modules_next_dist_0u_w_5s._.js:1945
[ 9623553ms] [ERROR] ./src/lib/actions.ts:128:16
the name `sendLeadNotification` is defined multiple times
  126 |  * submission — the lead is already persisted.
  127 |  */
> 128 | async function sendLeadNotification(lead: {
      |                ^^^^^^^^^^^^^^^^^^^^
  129 |   name: string;
  130 |   email: string;
  131 |   service?: string;

Ecmascript file had an error @ http://localhost:3000/_next/static/chunks/node_modules_next_dist_0u_w_5s._.js:1945
[ 9623611ms] [ERROR] ./src/lib/actions.ts:128:16
the name `sendLeadNotification` is defined multiple times
  126 |  * submission — the lead is already persisted.
  127 |  */
> 128 | async function sendLeadNotification(lead: {
      |                ^^^^^^^^^^^^^^^^^^^^
  129 |   name: string;
  130 |   email: string;
  131 |   service?: string;

Ecmascript file had an error @ http://localhost:3000/_next/static/chunks/node_modules_next_dist_0u_w_5s._.js:1945
[ 9623671ms] [ERROR] ./src/lib/actions.ts:128:16
the name `sendLeadNotification` is defined multiple times
  126 |  * submission — the lead is already persisted.
  127 |  */
> 128 | async function sendLeadNotification(lead: {
      |                ^^^^^^^^^^^^^^^^^^^^
  129 |   name: string;
  130 |   email: string;
  131 |   service?: string;

Ecmascript file had an error @ http://localhost:3000/_next/static/chunks/node_modules_next_dist_0u_w_5s._.js:1945
[ 9623735ms] [ERROR] ./src/lib/actions.ts:128:16
the name `sendLeadNotification` is defined multiple times
  126 |  * submission — the lead is already persisted.
  127 |  */
> 128 | async function sendLeadNotification(lead: {
      |                ^^^^^^^^^^^^^^^^^^^^
  129 |   name: string;
  130 |   email: string;
  131 |   service?: string;

Ecmascript file had an error @ http://localhost:3000/_next/static/chunks/node_modules_next_dist_0u_w_5s._.js:1945
[ 9623796ms] [ERROR] ./src/lib/actions.ts:128:16
the name `sendLeadNotification` is defined multiple times
  126 |  * submission — the lead is already persisted.
  127 |  */
> 128 | async function sendLeadNotification(lead: {
      |                ^^^^^^^^^^^^^^^^^^^^
  129 |   name: string;
  130 |   email: string;
  131 |   service?: string;

Ecmascript file had an error @ http://localhost:3000/_next/static/chunks/node_modules_next_dist_0u_w_5s._.js:1945
[ 9623860ms] [ERROR] ./src/lib/actions.ts:128:16
the name `sendLeadNotification` is defined multiple times
  126 |  * submission — the lead is already persisted.
  127 |  */
> 128 | async function sendLeadNotification(lead: {
      |                ^^^^^^^^^^^^^^^^^^^^
  129 |   name: string;
  130 |   email: string;
  131 |   service?: string;

Ecmascript file had an error @ http://localhost:3000/_next/static/chunks/node_modules_next_dist_0u_w_5s._.js:1945
[ 9623976ms] [ERROR] ./src/lib/actions.ts:128:16
the name `sendLeadNotification` is defined multiple times
  126 |  * submission — the lead is already persisted.
  127 |  */
> 128 | async function sendLeadNotification(lead: {
      |                ^^^^^^^^^^^^^^^^^^^^
  129 |   name: string;
  130 |   email: string;
  131 |   service?: string;

Ecmascript file had an error @ http://localhost:3000/_next/static/chunks/node_modules_next_dist_0u_w_5s._.js:1945
[ 9623976ms] [LOG] [Fast Refresh] rebuilding @ http://localhost:3000/_next/static/chunks/node_modules_next_dist_0u_w_5s._.js:1226
[ 9624029ms] [ERROR] ./src/lib/actions.ts:128:16
the name `sendLeadNotification` is defined multiple times
  126 |  * submission — the lead is already persisted.
  127 |  */
> 128 | async function sendLeadNotification(lead: {
      |                ^^^^^^^^^^^^^^^^^^^^
  129 |   name: string;
  130 |   email: string;
  131 |   service?: string;

Ecmascript file had an error @ http://localhost:3000/_next/static/chunks/node_modules_next_dist_0u_w_5s._.js:1945
[ 9624092ms] [ERROR] ./src/lib/actions.ts:128:16
the name `sendLeadNotification` is defined multiple times
  126 |  * submission — the lead is already persisted.
  127 |  */
> 128 | async function sendLeadNotification(lead: {
      |                ^^^^^^^^^^^^^^^^^^^^
  129 |   name: string;
  130 |   email: string;
  131 |   service?: string;

Ecmascript file had an error @ http://localhost:3000/_next/static/chunks/node_modules_next_dist_0u_w_5s._.js:1945
[ 9624152ms] [ERROR] ./src/lib/actions.ts:128:16
the name `sendLeadNotification` is defined multiple times
  126 |  * submission — the lead is already persisted.
  127 |  */
> 128 | async function sendLeadNotification(lead: {
      |                ^^^^^^^^^^^^^^^^^^^^
  129 |   name: string;
  130 |   email: string;
  131 |   service?: string;

Ecmascript file had an error @ http://localhost:3000/_next/static/chunks/node_modules_next_dist_0u_w_5s._.js:1945
[ 9624216ms] [ERROR] ./src/lib/actions.ts:128:16
the name `sendLeadNotification` is defined multiple times
  126 |  * submission — the lead is already persisted.
  127 |  */
> 128 | async function sendLeadNotification(lead: {
      |                ^^^^^^^^^^^^^^^^^^^^
  129 |   name: string;
  130 |   email: string;
  131 |   service?: string;

Ecmascript file had an error @ http://localhost:3000/_next/static/chunks/node_modules_next_dist_0u_w_5s._.js:1945
[ 9624277ms] [ERROR] ./src/lib/actions.ts:128:16
the name `sendLeadNotification` is defined multiple times
  126 |  * submission — the lead is already persisted.
  127 |  */
> 128 | async function sendLeadNotification(lead: {
      |                ^^^^^^^^^^^^^^^^^^^^
  129 |   name: string;
  130 |   email: string;
  131 |   service?: string;

Ecmascript file had an error @ http://localhost:3000/_next/static/chunks/node_modules_next_dist_0u_w_5s._.js:1945
[ 9624343ms] [ERROR] ./src/lib/actions.ts:128:16
the name `sendLeadNotification` is defined multiple times
  126 |  * submission — the lead is already persisted.
  127 |  */
> 128 | async function sendLeadNotification(lead: {
      |                ^^^^^^^^^^^^^^^^^^^^
  129 |   name: string;
  130 |   email: string;
  131 |   service?: string;

Ecmascript file had an error @ http://localhost:3000/_next/static/chunks/node_modules_next_dist_0u_w_5s._.js:1945
[ 9624402ms] [ERROR] ./src/lib/actions.ts:128:16
the name `sendLeadNotification` is defined multiple times
  126 |  * submission — the lead is already persisted.
  127 |  */
> 128 | async function sendLeadNotification(lead: {
      |                ^^^^^^^^^^^^^^^^^^^^
  129 |   name: string;
  130 |   email: string;
  131 |   service?: string;

Ecmascript file had an error @ http://localhost:3000/_next/static/chunks/node_modules_next_dist_0u_w_5s._.js:1945
[ 9624464ms] [ERROR] ./src/lib/actions.ts:128:16
the name `sendLeadNotification` is defined multiple times
  126 |  * submission — the lead is already persisted.
  127 |  */
> 128 | async function sendLeadNotification(lead: {
      |                ^^^^^^^^^^^^^^^^^^^^
  129 |   name: string;
  130 |   email: string;
  131 |   service?: string;

Ecmascript file had an error @ http://localhost:3000/_next/static/chunks/node_modules_next_dist_0u_w_5s._.js:1945
[ 9624528ms] [ERROR] ./src/lib/actions.ts:128:16
the name `sendLeadNotification` is defined multiple times
  126 |  * submission — the lead is already persisted.
  127 |  */
> 128 | async function sendLeadNotification(lead: {
      |                ^^^^^^^^^^^^^^^^^^^^
  129 |   name: string;
  130 |   email: string;
  131 |   service?: string;

Ecmascript file had an error @ http://localhost:3000/_next/static/chunks/node_modules_next_dist_0u_w_5s._.js:1945
[ 9624587ms] [ERROR] ./src/lib/actions.ts:128:16
the name `sendLeadNotification` is defined multiple times
  126 |  * submission — the lead is already persisted.
  127 |  */
> 128 | async function sendLeadNotification(lead: {
      |                ^^^^^^^^^^^^^^^^^^^^
  129 |   name: string;
  130 |   email: string;
  131 |   service?: string;

Ecmascript file had an error @ http://localhost:3000/_next/static/chunks/node_modules_next_dist_0u_w_5s._.js:1945
[ 9624663ms] [ERROR] ./src/lib/actions.ts:128:16
the name `sendLeadNotification` is defined multiple times
  126 |  * submission — the lead is already persisted.
  127 |  */
> 128 | async function sendLeadNotification(lead: {
      |                ^^^^^^^^^^^^^^^^^^^^
  129 |   name: string;
  130 |   email: string;
  131 |   service?: string;

Ecmascript file had an error @ http://localhost:3000/_next/static/chunks/node_modules_next_dist_0u_w_5s._.js:1945
[ 9624736ms] [ERROR] ./src/lib/actions.ts:128:16
the name `sendLeadNotification` is defined multiple times
  126 |  * submission — the lead is already persisted.
  127 |  */
> 128 | async function sendLeadNotification(lead: {
      |                ^^^^^^^^^^^^^^^^^^^^
  129 |   name: string;
  130 |   email: string;
  131 |   service?: string;

Ecmascript file had an error @ http://localhost:3000/_next/static/chunks/node_modules_next_dist_0u_w_5s._.js:1945
[ 9624791ms] [ERROR] ./src/lib/actions.ts:128:16
the name `sendLeadNotification` is defined multiple times
  126 |  * submission — the lead is already persisted.
  127 |  */
> 128 | async function sendLeadNotification(lead: {
      |                ^^^^^^^^^^^^^^^^^^^^
  129 |   name: string;
  130 |   email: string;
  131 |   service?: string;

Ecmascript file had an error @ http://localhost:3000/_next/static/chunks/node_modules_next_dist_0u_w_5s._.js:1945
[ 9624854ms] [ERROR] ./src/lib/actions.ts:128:16
the name `sendLeadNotification` is defined multiple times
  126 |  * submission — the lead is already persisted.
  127 |  */
> 128 | async function sendLeadNotification(lead: {
      |                ^^^^^^^^^^^^^^^^^^^^
  129 |   name: string;
  130 |   email: string;
  131 |   service?: string;

Ecmascript file had an error @ http://localhost:3000/_next/static/chunks/node_modules_next_dist_0u_w_5s._.js:1945
[ 9624937ms] [ERROR] ./src/lib/actions.ts:128:16
the name `sendLeadNotification` is defined multiple times
  126 |  * submission — the lead is already persisted.
  127 |  */
> 128 | async function sendLeadNotification(lead: {
      |                ^^^^^^^^^^^^^^^^^^^^
  129 |   name: string;
  130 |   email: string;
  131 |   service?: string;

Ecmascript file had an error @ http://localhost:3000/_next/static/chunks/node_modules_next_dist_0u_w_5s._.js:1945
[ 9624993ms] [ERROR] ./src/lib/actions.ts:128:16
the name `sendLeadNotification` is defined multiple times
  126 |  * submission — the lead is already persisted.
  127 |  */
> 128 | async function sendLeadNotification(lead: {
      |                ^^^^^^^^^^^^^^^^^^^^
  129 |   name: string;
  130 |   email: string;
  131 |   service?: string;

Ecmascript file had an error @ http://localhost:3000/_next/static/chunks/node_modules_next_dist_0u_w_5s._.js:1945
[ 9625058ms] [ERROR] ./src/lib/actions.ts:128:16
the name `sendLeadNotification` is defined multiple times
  126 |  * submission — the lead is already persisted.
  127 |  */
> 128 | async function sendLeadNotification(lead: {
      |                ^^^^^^^^^^^^^^^^^^^^
  129 |   name: string;
  130 |   email: string;
  131 |   service?: string;

Ecmascript file had an error @ http://localhost:3000/_next/static/chunks/node_modules_next_dist_0u_w_5s._.js:1945
[ 9625247ms] [ERROR] ./src/lib/actions.ts:128:16
the name `sendLeadNotification` is defined multiple times
  126 |  * submission — the lead is already persisted.
  127 |  */
> 128 | async function sendLeadNotification(lead: {
      |                ^^^^^^^^^^^^^^^^^^^^
  129 |   name: string;
  130 |   email: string;
  131 |   service?: string;

Ecmascript file had an error @ http://localhost:3000/_next/static/chunks/node_modules_next_dist_0u_w_5s._.js:1945
[ 9625250ms] [LOG] [Fast Refresh] rebuilding @ http://localhost:3000/_next/static/chunks/node_modules_next_dist_0u_w_5s._.js:1226
[ 9625305ms] [ERROR] ./src/lib/actions.ts:128:16
the name `sendLeadNotification` is defined multiple times
  126 |  * submission — the lead is already persisted.
  127 |  */
> 128 | async function sendLeadNotification(lead: {
      |                ^^^^^^^^^^^^^^^^^^^^
  129 |   name: string;
  130 |   email: string;
  131 |   service?: string;

Ecmascript file had an error @ http://localhost:3000/_next/static/chunks/node_modules_next_dist_0u_w_5s._.js:1945
[ 9625366ms] [ERROR] ./src/lib/actions.ts:128:16
the name `sendLeadNotification` is defined multiple times
  126 |  * submission — the lead is already persisted.
  127 |  */
> 128 | async function sendLeadNotification(lead: {
      |                ^^^^^^^^^^^^^^^^^^^^
  129 |   name: string;
  130 |   email: string;
  131 |   service?: string;

Ecmascript file had an error @ http://localhost:3000/_next/static/chunks/node_modules_next_dist_0u_w_5s._.js:1945
[ 9625447ms] [ERROR] ./src/lib/actions.ts:128:16
the name `sendLeadNotification` is defined multiple times
  126 |  * submission — the lead is already persisted.
  127 |  */
> 128 | async function sendLeadNotification(lead: {
      |                ^^^^^^^^^^^^^^^^^^^^
  129 |   name: string;
  130 |   email: string;
  131 |   service?: string;

Ecmascript file had an error @ http://localhost:3000/_next/static/chunks/node_modules_next_dist_0u_w_5s._.js:1945
[ 9625507ms] [ERROR] ./src/lib/actions.ts:128:16
the name `sendLeadNotification` is defined multiple times
  126 |  * submission — the lead is already persisted.
  127 |  */
> 128 | async function sendLeadNotification(lead: {
      |                ^^^^^^^^^^^^^^^^^^^^
  129 |   name: string;
  130 |   email: string;
  131 |   service?: string;

Ecmascript file had an error @ http://localhost:3000/_next/static/chunks/node_modules_next_dist_0u_w_5s._.js:1945
[ 9625572ms] [ERROR] ./src/lib/actions.ts:128:16
the name `sendLeadNotification` is defined multiple times
  126 |  * submission — the lead is already persisted.
  127 |  */
> 128 | async function sendLeadNotification(lead: {
      |                ^^^^^^^^^^^^^^^^^^^^
  129 |   name: string;
  130 |   email: string;
  131 |   service?: string;

Ecmascript file had an error @ http://localhost:3000/_next/static/chunks/node_modules_next_dist_0u_w_5s._.js:1945
[ 9625630ms] [ERROR] ./src/lib/actions.ts:128:16
the name `sendLeadNotification` is defined multiple times
  126 |  * submission — the lead is already persisted.
  127 |  */
> 128 | async function sendLeadNotification(lead: {
      |                ^^^^^^^^^^^^^^^^^^^^
  129 |   name: string;
  130 |   email: string;
  131 |   service?: string;

Ecmascript file had an error @ http://localhost:3000/_next/static/chunks/node_modules_next_dist_0u_w_5s._.js:1945
[ 9625692ms] [ERROR] ./src/lib/actions.ts:128:16
the name `sendLeadNotification` is defined multiple times
  126 |  * submission — the lead is already persisted.
  127 |  */
> 128 | async function sendLeadNotification(lead: {
      |                ^^^^^^^^^^^^^^^^^^^^
  129 |   name: string;
  130 |   email: string;
  131 |   service?: string;

Ecmascript file had an error @ http://localhost:3000/_next/static/chunks/node_modules_next_dist_0u_w_5s._.js:1945
[ 9625754ms] [ERROR] ./src/lib/actions.ts:128:16
the name `sendLeadNotification` is defined multiple times
  126 |  * submission — the lead is already persisted.
  127 |  */
> 128 | async function sendLeadNotification(lead: {
      |                ^^^^^^^^^^^^^^^^^^^^
  129 |   name: string;
  130 |   email: string;
  131 |   service?: string;

Ecmascript file had an error @ http://localhost:3000/_next/static/chunks/node_modules_next_dist_0u_w_5s._.js:1945
[ 9625816ms] [ERROR] ./src/lib/actions.ts:128:16
the name `sendLeadNotification` is defined multiple times
  126 |  * submission — the lead is already persisted.
  127 |  */
> 128 | async function sendLeadNotification(lead: {
      |                ^^^^^^^^^^^^^^^^^^^^
  129 |   name: string;
  130 |   email: string;
  131 |   service?: string;

Ecmascript file had an error @ http://localhost:3000/_next/static/chunks/node_modules_next_dist_0u_w_5s._.js:1945
[ 9625880ms] [ERROR] ./src/lib/actions.ts:128:16
the name `sendLeadNotification` is defined multiple times
  126 |  * submission — the lead is already persisted.
  127 |  */
> 128 | async function sendLeadNotification(lead: {
      |                ^^^^^^^^^^^^^^^^^^^^
  129 |   name: string;
  130 |   email: string;
  131 |   service?: string;

Ecmascript file had an error @ http://localhost:3000/_next/static/chunks/node_modules_next_dist_0u_w_5s._.js:1945
[ 9625941ms] [ERROR] ./src/lib/actions.ts:128:16
the name `sendLeadNotification` is defined multiple times
  126 |  * submission — the lead is already persisted.
  127 |  */
> 128 | async function sendLeadNotification(lead: {
      |                ^^^^^^^^^^^^^^^^^^^^
  129 |   name: string;
  130 |   email: string;
  131 |   service?: string;

Ecmascript file had an error @ http://localhost:3000/_next/static/chunks/node_modules_next_dist_0u_w_5s._.js:1945
[ 9626004ms] [ERROR] ./src/lib/actions.ts:128:16
the name `sendLeadNotification` is defined multiple times
  126 |  * submission — the lead is already persisted.
  127 |  */
> 128 | async function sendLeadNotification(lead: {
      |                ^^^^^^^^^^^^^^^^^^^^
  129 |   name: string;
  130 |   email: string;
  131 |   service?: string;

Ecmascript file had an error @ http://localhost:3000/_next/static/chunks/node_modules_next_dist_0u_w_5s._.js:1945
[ 9626126ms] [ERROR] ./src/lib/actions.ts:128:16
the name `sendLeadNotification` is defined multiple times
  126 |  * submission — the lead is already persisted.
  127 |  */
> 128 | async function sendLeadNotification(lead: {
      |                ^^^^^^^^^^^^^^^^^^^^
  129 |   name: string;
  130 |   email: string;
  131 |   service?: string;

Ecmascript file had an error @ http://localhost:3000/_next/static/chunks/node_modules_next_dist_0u_w_5s._.js:1945
[ 9626133ms] [LOG] [Fast Refresh] rebuilding @ http://localhost:3000/_next/static/chunks/node_modules_next_dist_0u_w_5s._.js:1226
[ 9626189ms] [ERROR] ./src/lib/actions.ts:128:16
the name `sendLeadNotification` is defined multiple times
  126 |  * submission — the lead is already persisted.
  127 |  */
> 128 | async function sendLeadNotification(lead: {
      |                ^^^^^^^^^^^^^^^^^^^^
  129 |   name: string;
  130 |   email: string;
  131 |   service?: string;

Ecmascript file had an error @ http://localhost:3000/_next/static/chunks/node_modules_next_dist_0u_w_5s._.js:1945
[ 9626252ms] [ERROR] ./src/lib/actions.ts:128:16
the name `sendLeadNotification` is defined multiple times
  126 |  * submission — the lead is already persisted.
  127 |  */
> 128 | async function sendLeadNotification(lead: {
      |                ^^^^^^^^^^^^^^^^^^^^
  129 |   name: string;
  130 |   email: string;
  131 |   service?: string;

Ecmascript file had an error @ http://localhost:3000/_next/static/chunks/node_modules_next_dist_0u_w_5s._.js:1945
[ 9626321ms] [ERROR] ./src/lib/actions.ts:128:16
the name `sendLeadNotification` is defined multiple times
  126 |  * submission — the lead is already persisted.
  127 |  */
> 128 | async function sendLeadNotification(lead: {
      |                ^^^^^^^^^^^^^^^^^^^^
  129 |   name: string;
  130 |   email: string;
  131 |   service?: string;

Ecmascript file had an error @ http://localhost:3000/_next/static/chunks/node_modules_next_dist_0u_w_5s._.js:1945
[ 9626402ms] [ERROR] ./src/lib/actions.ts:128:16
the name `sendLeadNotification` is defined multiple times
  126 |  * submission — the lead is already persisted.
  127 |  */
> 128 | async function sendLeadNotification(lead: {
      |                ^^^^^^^^^^^^^^^^^^^^
  129 |   name: string;
  130 |   email: string;
  131 |   service?: string;

Ecmascript file had an error @ http://localhost:3000/_next/static/chunks/node_modules_next_dist_0u_w_5s._.js:1945
[ 9626468ms] [ERROR] ./src/lib/actions.ts:128:16
the name `sendLeadNotification` is defined multiple times
  126 |  * submission — the lead is already persisted.
  127 |  */
> 128 | async function sendLeadNotification(lead: {
      |                ^^^^^^^^^^^^^^^^^^^^
  129 |   name: string;
  130 |   email: string;
  131 |   service?: string;

Ecmascript file had an error @ http://localhost:3000/_next/static/chunks/node_modules_next_dist_0u_w_5s._.js:1945
[ 9626530ms] [ERROR] ./src/lib/actions.ts:128:16
the name `sendLeadNotification` is defined multiple times
  126 |  * submission — the lead is already persisted.
  127 |  */
> 128 | async function sendLeadNotification(lead: {
      |                ^^^^^^^^^^^^^^^^^^^^
  129 |   name: string;
  130 |   email: string;
  131 |   service?: string;

Ecmascript file had an error @ http://localhost:3000/_next/static/chunks/node_modules_next_dist_0u_w_5s._.js:1945
[ 9626593ms] [ERROR] ./src/lib/actions.ts:128:16
the name `sendLeadNotification` is defined multiple times
  126 |  * submission — the lead is already persisted.
  127 |  */
> 128 | async function sendLeadNotification(lead: {
      |                ^^^^^^^^^^^^^^^^^^^^
  129 |   name: string;
  130 |   email: string;
  131 |   service?: string;

Ecmascript file had an error @ http://localhost:3000/_next/static/chunks/node_modules_next_dist_0u_w_5s._.js:1945
[ 9626658ms] [ERROR] ./src/lib/actions.ts:128:16
the name `sendLeadNotification` is defined multiple times
  126 |  * submission — the lead is already persisted.
  127 |  */
> 128 | async function sendLeadNotification(lead: {
      |                ^^^^^^^^^^^^^^^^^^^^
  129 |   name: string;
  130 |   email: string;
  131 |   service?: string;

Ecmascript file had an error @ http://localhost:3000/_next/static/chunks/node_modules_next_dist_0u_w_5s._.js:1945
[ 9626721ms] [ERROR] ./src/lib/actions.ts:128:16
the name `sendLeadNotification` is defined multiple times
  126 |  * submission — the lead is already persisted.
  127 |  */
> 128 | async function sendLeadNotification(lead: {
      |                ^^^^^^^^^^^^^^^^^^^^
  129 |   name: string;
  130 |   email: string;
  131 |   service?: string;

Ecmascript file had an error @ http://localhost:3000/_next/static/chunks/node_modules_next_dist_0u_w_5s._.js:1945
[ 9626782ms] [ERROR] ./src/lib/actions.ts:128:16
the name `sendLeadNotification` is defined multiple times
  126 |  * submission — the lead is already persisted.
  127 |  */
> 128 | async function sendLeadNotification(lead: {
      |                ^^^^^^^^^^^^^^^^^^^^
  129 |   name: string;
  130 |   email: string;
  131 |   service?: string;

Ecmascript file had an error @ http://localhost:3000/_next/static/chunks/node_modules_next_dist_0u_w_5s._.js:1945
[ 9626842ms] [ERROR] ./src/lib/actions.ts:128:16
the name `sendLeadNotification` is defined multiple times
  126 |  * submission — the lead is already persisted.
  127 |  */
> 128 | async function sendLeadNotification(lead: {
      |                ^^^^^^^^^^^^^^^^^^^^
  129 |   name: string;
  130 |   email: string;
  131 |   service?: string;

Ecmascript file had an error @ http://localhost:3000/_next/static/chunks/node_modules_next_dist_0u_w_5s._.js:1945
[ 9626916ms] [ERROR] ./src/lib/actions.ts:128:16
the name `sendLeadNotification` is defined multiple times
  126 |  * submission — the lead is already persisted.
  127 |  */
> 128 | async function sendLeadNotification(lead: {
      |                ^^^^^^^^^^^^^^^^^^^^
  129 |   name: string;
  130 |   email: string;
  131 |   service?: string;

Ecmascript file had an error @ http://localhost:3000/_next/static/chunks/node_modules_next_dist_0u_w_5s._.js:1945
[ 9626987ms] [ERROR] ./src/lib/actions.ts:128:16
the name `sendLeadNotification` is defined multiple times
  126 |  * submission — the lead is already persisted.
  127 |  */
> 128 | async function sendLeadNotification(lead: {
      |                ^^^^^^^^^^^^^^^^^^^^
  129 |   name: string;
  130 |   email: string;
  131 |   service?: string;

Ecmascript file had an error @ http://localhost:3000/_next/static/chunks/node_modules_next_dist_0u_w_5s._.js:1945
[ 9627049ms] [ERROR] ./src/lib/actions.ts:128:16
the name `sendLeadNotification` is defined multiple times
  126 |  * submission — the lead is already persisted.
  127 |  */
> 128 | async function sendLeadNotification(lead: {
      |                ^^^^^^^^^^^^^^^^^^^^
  129 |   name: string;
  130 |   email: string;
  131 |   service?: string;

Ecmascript file had an error @ http://localhost:3000/_next/static/chunks/node_modules_next_dist_0u_w_5s._.js:1945
[ 9627107ms] [ERROR] ./src/lib/actions.ts:128:16
the name `sendLeadNotification` is defined multiple times
  126 |  * submission — the lead is already persisted.
  127 |  */
> 128 | async function sendLeadNotification(lead: {
      |                ^^^^^^^^^^^^^^^^^^^^
  129 |   name: string;
  130 |   email: string;
  131 |   service?: string;

Ecmascript file had an error @ http://localhost:3000/_next/static/chunks/node_modules_next_dist_0u_w_5s._.js:1945
[ 9627169ms] [ERROR] ./src/lib/actions.ts:128:16
the name `sendLeadNotification` is defined multiple times
  126 |  * submission — the lead is already persisted.
  127 |  */
> 128 | async function sendLeadNotification(lead: {
      |                ^^^^^^^^^^^^^^^^^^^^
  129 |   name: string;
  130 |   email: string;
  131 |   service?: string;

Ecmascript file had an error @ http://localhost:3000/_next/static/chunks/node_modules_next_dist_0u_w_5s._.js:1945
[ 9627240ms] [ERROR] ./src/lib/actions.ts:128:16
the name `sendLeadNotification` is defined multiple times
  126 |  * submission — the lead is already persisted.
  127 |  */
> 128 | async function sendLeadNotification(lead: {
      |                ^^^^^^^^^^^^^^^^^^^^
  129 |   name: string;
  130 |   email: string;
  131 |   service?: string;

Ecmascript file had an error @ http://localhost:3000/_next/static/chunks/node_modules_next_dist_0u_w_5s._.js:1945
[ 9627316ms] [ERROR] ./src/lib/actions.ts:128:16
the name `sendLeadNotification` is defined multiple times
  126 |  * submission — the lead is already persisted.
  127 |  */
> 128 | async function sendLeadNotification(lead: {
      |                ^^^^^^^^^^^^^^^^^^^^
  129 |   name: string;
  130 |   email: string;
  131 |   service?: string;

Ecmascript file had an error @ http://localhost:3000/_next/static/chunks/node_modules_next_dist_0u_w_5s._.js:1945
[ 9627401ms] [ERROR] ./src/lib/actions.ts:128:16
the name `sendLeadNotification` is defined multiple times
  126 |  * submission — the lead is already persisted.
  127 |  */
> 128 | async function sendLeadNotification(lead: {
      |                ^^^^^^^^^^^^^^^^^^^^
  129 |   name: string;
  130 |   email: string;
  131 |   service?: string;

Ecmascript file had an error @ http://localhost:3000/_next/static/chunks/node_modules_next_dist_0u_w_5s._.js:1945
[ 9627463ms] [ERROR] ./src/lib/actions.ts:128:16
the name `sendLeadNotification` is defined multiple times
  126 |  * submission — the lead is already persisted.
  127 |  */
> 128 | async function sendLeadNotification(lead: {
      |                ^^^^^^^^^^^^^^^^^^^^
  129 |   name: string;
  130 |   email: string;
  131 |   service?: string;

Ecmascript file had an error @ http://localhost:3000/_next/static/chunks/node_modules_next_dist_0u_w_5s._.js:1945
[ 9627611ms] [ERROR] ./src/lib/actions.ts:128:16
the name `sendLeadNotification` is defined multiple times
  126 |  * submission — the lead is already persisted.
  127 |  */
> 128 | async function sendLeadNotification(lead: {
      |                ^^^^^^^^^^^^^^^^^^^^
  129 |   name: string;
  130 |   email: string;
  131 |   service?: string;

Ecmascript file had an error @ http://localhost:3000/_next/static/chunks/node_modules_next_dist_0u_w_5s._.js:1945
[ 9627612ms] [LOG] [Fast Refresh] rebuilding @ http://localhost:3000/_next/static/chunks/node_modules_next_dist_0u_w_5s._.js:1226
[ 9627677ms] [ERROR] ./src/lib/actions.ts:128:16
the name `sendLeadNotification` is defined multiple times
  126 |  * submission — the lead is already persisted.
  127 |  */
> 128 | async function sendLeadNotification(lead: {
      |                ^^^^^^^^^^^^^^^^^^^^
  129 |   name: string;
  130 |   email: string;
  131 |   service?: string;

Ecmascript file had an error @ http://localhost:3000/_next/static/chunks/node_modules_next_dist_0u_w_5s._.js:1945
[ 9627776ms] [ERROR] ./src/lib/actions.ts:128:16
the name `sendLeadNotification` is defined multiple times
  126 |  * submission — the lead is already persisted.
  127 |  */
> 128 | async function sendLeadNotification(lead: {
      |                ^^^^^^^^^^^^^^^^^^^^
  129 |   name: string;
  130 |   email: string;
  131 |   service?: string;

Ecmascript file had an error @ http://localhost:3000/_next/static/chunks/node_modules_next_dist_0u_w_5s._.js:1945
[ 9627837ms] [ERROR] ./src/lib/actions.ts:128:16
the name `sendLeadNotification` is defined multiple times
  126 |  * submission — the lead is already persisted.
  127 |  */
> 128 | async function sendLeadNotification(lead: {
      |                ^^^^^^^^^^^^^^^^^^^^
  129 |   name: string;
  130 |   email: string;
  131 |   service?: string;

Ecmascript file had an error @ http://localhost:3000/_next/static/chunks/node_modules_next_dist_0u_w_5s._.js:1945
[ 9627906ms] [ERROR] ./src/lib/actions.ts:128:16
the name `sendLeadNotification` is defined multiple times
  126 |  * submission — the lead is already persisted.
  127 |  */
> 128 | async function sendLeadNotification(lead: {
      |                ^^^^^^^^^^^^^^^^^^^^
  129 |   name: string;
  130 |   email: string;
  131 |   service?: string;

Ecmascript file had an error @ http://localhost:3000/_next/static/chunks/node_modules_next_dist_0u_w_5s._.js:1945
[ 9627963ms] [ERROR] ./src/lib/actions.ts:128:16
the name `sendLeadNotification` is defined multiple times
  126 |  * submission — the lead is already persisted.
  127 |  */
> 128 | async function sendLeadNotification(lead: {
      |                ^^^^^^^^^^^^^^^^^^^^
  129 |   name: string;
  130 |   email: string;
  131 |   service?: string;

Ecmascript file had an error @ http://localhost:3000/_next/static/chunks/node_modules_next_dist_0u_w_5s._.js:1945
[ 9628023ms] [ERROR] ./src/lib/actions.ts:128:16
the name `sendLeadNotification` is defined multiple times
  126 |  * submission — the lead is already persisted.
  127 |  */
> 128 | async function sendLeadNotification(lead: {
      |                ^^^^^^^^^^^^^^^^^^^^
  129 |   name: string;
  130 |   email: string;
  131 |   service?: string;

Ecmascript file had an error @ http://localhost:3000/_next/static/chunks/node_modules_next_dist_0u_w_5s._.js:1945
[ 9628087ms] [ERROR] ./src/lib/actions.ts:128:16
the name `sendLeadNotification` is defined multiple times
  126 |  * submission — the lead is already persisted.
  127 |  */
> 128 | async function sendLeadNotification(lead: {
      |                ^^^^^^^^^^^^^^^^^^^^
  129 |   name: string;
  130 |   email: string;
  131 |   service?: string;

Ecmascript file had an error @ http://localhost:3000/_next/static/chunks/node_modules_next_dist_0u_w_5s._.js:1945
[ 9628150ms] [ERROR] ./src/lib/actions.ts:128:16
the name `sendLeadNotification` is defined multiple times
  126 |  * submission — the lead is already persisted.
  127 |  */
> 128 | async function sendLeadNotification(lead: {
      |                ^^^^^^^^^^^^^^^^^^^^
  129 |   name: string;
  130 |   email: string;
  131 |   service?: string;

Ecmascript file had an error @ http://localhost:3000/_next/static/chunks/node_modules_next_dist_0u_w_5s._.js:1945
[ 9628211ms] [ERROR] ./src/lib/actions.ts:128:16
the name `sendLeadNotification` is defined multiple times
  126 |  * submission — the lead is already persisted.
  127 |  */
> 128 | async function sendLeadNotification(lead: {
      |                ^^^^^^^^^^^^^^^^^^^^
  129 |   name: string;
  130 |   email: string;
  131 |   service?: string;

Ecmascript file had an error @ http://localhost:3000/_next/static/chunks/node_modules_next_dist_0u_w_5s._.js:1945
[ 9628272ms] [ERROR] ./src/lib/actions.ts:128:16
the name `sendLeadNotification` is defined multiple times
  126 |  * submission — the lead is already persisted.
  127 |  */
> 128 | async function sendLeadNotification(lead: {
      |                ^^^^^^^^^^^^^^^^^^^^
  129 |   name: string;
  130 |   email: string;
  131 |   service?: string;

Ecmascript file had an error @ http://localhost:3000/_next/static/chunks/node_modules_next_dist_0u_w_5s._.js:1945
[ 9628359ms] [ERROR] ./src/lib/actions.ts:128:16
the name `sendLeadNotification` is defined multiple times
  126 |  * submission — the lead is already persisted.
  127 |  */
> 128 | async function sendLeadNotification(lead: {
      |                ^^^^^^^^^^^^^^^^^^^^
  129 |   name: string;
  130 |   email: string;
  131 |   service?: string;

Ecmascript file had an error @ http://localhost:3000/_next/static/chunks/node_modules_next_dist_0u_w_5s._.js:1945
[ 9628412ms] [ERROR] ./src/lib/actions.ts:128:16
the name `sendLeadNotification` is defined multiple times
  126 |  * submission — the lead is already persisted.
  127 |  */
> 128 | async function sendLeadNotification(lead: {
      |                ^^^^^^^^^^^^^^^^^^^^
  129 |   name: string;
  130 |   email: string;
  131 |   service?: string;

Ecmascript file had an error @ http://localhost:3000/_next/static/chunks/node_modules_next_dist_0u_w_5s._.js:1945
[ 9628501ms] [ERROR] ./src/lib/actions.ts:128:16
the name `sendLeadNotification` is defined multiple times
  126 |  * submission — the lead is already persisted.
  127 |  */
> 128 | async function sendLeadNotification(lead: {
      |                ^^^^^^^^^^^^^^^^^^^^
  129 |   name: string;
  130 |   email: string;
  131 |   service?: string;

Ecmascript file had an error @ http://localhost:3000/_next/static/chunks/node_modules_next_dist_0u_w_5s._.js:1945
[ 9628575ms] [ERROR] ./src/lib/actions.ts:128:16
the name `sendLeadNotification` is defined multiple times
  126 |  * submission — the lead is already persisted.
  127 |  */
> 128 | async function sendLeadNotification(lead: {
      |                ^^^^^^^^^^^^^^^^^^^^
  129 |   name: string;
  130 |   email: string;
  131 |   service?: string;

Ecmascript file had an error @ http://localhost:3000/_next/static/chunks/node_modules_next_dist_0u_w_5s._.js:1945
[ 9628631ms] [ERROR] ./src/lib/actions.ts:128:16
the name `sendLeadNotification` is defined multiple times
  126 |  * submission — the lead is already persisted.
  127 |  */
> 128 | async function sendLeadNotification(lead: {
      |                ^^^^^^^^^^^^^^^^^^^^
  129 |   name: string;
  130 |   email: string;
  131 |   service?: string;

Ecmascript file had an error @ http://localhost:3000/_next/static/chunks/node_modules_next_dist_0u_w_5s._.js:1945
[ 9628696ms] [ERROR] ./src/lib/actions.ts:128:16
the name `sendLeadNotification` is defined multiple times
  126 |  * submission — the lead is already persisted.
  127 |  */
> 128 | async function sendLeadNotification(lead: {
      |                ^^^^^^^^^^^^^^^^^^^^
  129 |   name: string;
  130 |   email: string;
  131 |   service?: string;

Ecmascript file had an error @ http://localhost:3000/_next/static/chunks/node_modules_next_dist_0u_w_5s._.js:1945
[ 9628753ms] [ERROR] ./src/lib/actions.ts:128:16
the name `sendLeadNotification` is defined multiple times
  126 |  * submission — the lead is already persisted.
  127 |  */
> 128 | async function sendLeadNotification(lead: {
      |                ^^^^^^^^^^^^^^^^^^^^
  129 |   name: string;
  130 |   email: string;
  131 |   service?: string;

Ecmascript file had an error @ http://localhost:3000/_next/static/chunks/node_modules_next_dist_0u_w_5s._.js:1945
[ 9628816ms] [ERROR] ./src/lib/actions.ts:128:16
the name `sendLeadNotification` is defined multiple times
  126 |  * submission — the lead is already persisted.
  127 |  */
> 128 | async function sendLeadNotification(lead: {
      |                ^^^^^^^^^^^^^^^^^^^^
  129 |   name: string;
  130 |   email: string;
  131 |   service?: string;

Ecmascript file had an error @ http://localhost:3000/_next/static/chunks/node_modules_next_dist_0u_w_5s._.js:1945
[ 9628880ms] [ERROR] ./src/lib/actions.ts:128:16
the name `sendLeadNotification` is defined multiple times
  126 |  * submission — the lead is already persisted.
  127 |  */
> 128 | async function sendLeadNotification(lead: {
      |                ^^^^^^^^^^^^^^^^^^^^
  129 |   name: string;
  130 |   email: string;
  131 |   service?: string;

Ecmascript file had an error @ http://localhost:3000/_next/static/chunks/node_modules_next_dist_0u_w_5s._.js:1945
[ 9628945ms] [ERROR] ./src/lib/actions.ts:128:16
the name `sendLeadNotification` is defined multiple times
  126 |  * submission — the lead is already persisted.
  127 |  */
> 128 | async function sendLeadNotification(lead: {
      |                ^^^^^^^^^^^^^^^^^^^^
  129 |   name: string;
  130 |   email: string;
  131 |   service?: string;

Ecmascript file had an error @ http://localhost:3000/_next/static/chunks/node_modules_next_dist_0u_w_5s._.js:1945
[ 9629013ms] [ERROR] ./src/lib/actions.ts:128:16
the name `sendLeadNotification` is defined multiple times
  126 |  * submission — the lead is already persisted.
  127 |  */
> 128 | async function sendLeadNotification(lead: {
      |                ^^^^^^^^^^^^^^^^^^^^
  129 |   name: string;
  130 |   email: string;
  131 |   service?: string;

Ecmascript file had an error @ http://localhost:3000/_next/static/chunks/node_modules_next_dist_0u_w_5s._.js:1945
[ 9629065ms] [ERROR] ./src/lib/actions.ts:128:16
the name `sendLeadNotification` is defined multiple times
  126 |  * submission — the lead is already persisted.
  127 |  */
> 128 | async function sendLeadNotification(lead: {
      |                ^^^^^^^^^^^^^^^^^^^^
  129 |   name: string;
  130 |   email: string;
  131 |   service?: string;

Ecmascript file had an error @ http://localhost:3000/_next/static/chunks/node_modules_next_dist_0u_w_5s._.js:1945
[ 9629130ms] [ERROR] ./src/lib/actions.ts:128:16
the name `sendLeadNotification` is defined multiple times
  126 |  * submission — the lead is already persisted.
  127 |  */
> 128 | async function sendLeadNotification(lead: {
      |                ^^^^^^^^^^^^^^^^^^^^
  129 |   name: string;
  130 |   email: string;
  131 |   service?: string;

Ecmascript file had an error @ http://localhost:3000/_next/static/chunks/node_modules_next_dist_0u_w_5s._.js:1945
[ 9629189ms] [ERROR] ./src/lib/actions.ts:128:16
the name `sendLeadNotification` is defined multiple times
  126 |  * submission — the lead is already persisted.
  127 |  */
> 128 | async function sendLeadNotification(lead: {
      |                ^^^^^^^^^^^^^^^^^^^^
  129 |   name: string;
  130 |   email: string;
  131 |   service?: string;

Ecmascript file had an error @ http://localhost:3000/_next/static/chunks/node_modules_next_dist_0u_w_5s._.js:1945
[ 9629251ms] [ERROR] ./src/lib/actions.ts:128:16
the name `sendLeadNotification` is defined multiple times
  126 |  * submission — the lead is already persisted.
  127 |  */
> 128 | async function sendLeadNotification(lead: {
      |                ^^^^^^^^^^^^^^^^^^^^
  129 |   name: string;
  130 |   email: string;
  131 |   service?: string;

Ecmascript file had an error @ http://localhost:3000/_next/static/chunks/node_modules_next_dist_0u_w_5s._.js:1945
[ 9629321ms] [ERROR] ./src/lib/actions.ts:128:16
the name `sendLeadNotification` is defined multiple times
  126 |  * submission — the lead is already persisted.
  127 |  */
> 128 | async function sendLeadNotification(lead: {
      |                ^^^^^^^^^^^^^^^^^^^^
  129 |   name: string;
  130 |   email: string;
  131 |   service?: string;

Ecmascript file had an error @ http://localhost:3000/_next/static/chunks/node_modules_next_dist_0u_w_5s._.js:1945
[ 9629439ms] [ERROR] ./src/lib/actions.ts:128:16
the name `sendLeadNotification` is defined multiple times
  126 |  * submission — the lead is already persisted.
  127 |  */
> 128 | async function sendLeadNotification(lead: {
      |                ^^^^^^^^^^^^^^^^^^^^
  129 |   name: string;
  130 |   email: string;
  131 |   service?: string;

Ecmascript file had an error @ http://localhost:3000/_next/static/chunks/node_modules_next_dist_0u_w_5s._.js:1945
[ 9629441ms] [LOG] [Fast Refresh] rebuilding @ http://localhost:3000/_next/static/chunks/node_modules_next_dist_0u_w_5s._.js:1226
[ 9629501ms] [ERROR] ./src/lib/actions.ts:128:16
the name `sendLeadNotification` is defined multiple times
  126 |  * submission — the lead is already persisted.
  127 |  */
> 128 | async function sendLeadNotification(lead: {
      |                ^^^^^^^^^^^^^^^^^^^^
  129 |   name: string;
  130 |   email: string;
  131 |   service?: string;

Ecmascript file had an error @ http://localhost:3000/_next/static/chunks/node_modules_next_dist_0u_w_5s._.js:1945
[ 9629565ms] [ERROR] ./src/lib/actions.ts:128:16
the name `sendLeadNotification` is defined multiple times
  126 |  * submission — the lead is already persisted.
  127 |  */
> 128 | async function sendLeadNotification(lead: {
      |                ^^^^^^^^^^^^^^^^^^^^
  129 |   name: string;
  130 |   email: string;
  131 |   service?: string;

Ecmascript file had an error @ http://localhost:3000/_next/static/chunks/node_modules_next_dist_0u_w_5s._.js:1945
[ 9629624ms] [ERROR] ./src/lib/actions.ts:128:16
the name `sendLeadNotification` is defined multiple times
  126 |  * submission — the lead is already persisted.
  127 |  */
> 128 | async function sendLeadNotification(lead: {
      |                ^^^^^^^^^^^^^^^^^^^^
  129 |   name: string;
  130 |   email: string;
  131 |   service?: string;

Ecmascript file had an error @ http://localhost:3000/_next/static/chunks/node_modules_next_dist_0u_w_5s._.js:1945
[ 9629700ms] [ERROR] ./src/lib/actions.ts:128:16
the name `sendLeadNotification` is defined multiple times
  126 |  * submission — the lead is already persisted.
  127 |  */
> 128 | async function sendLeadNotification(lead: {
      |                ^^^^^^^^^^^^^^^^^^^^
  129 |   name: string;
  130 |   email: string;
  131 |   service?: string;

Ecmascript file had an error @ http://localhost:3000/_next/static/chunks/node_modules_next_dist_0u_w_5s._.js:1945
[ 9629765ms] [ERROR] ./src/lib/actions.ts:128:16
the name `sendLeadNotification` is defined multiple times
  126 |  * submission — the lead is already persisted.
  127 |  */
> 128 | async function sendLeadNotification(lead: {
      |                ^^^^^^^^^^^^^^^^^^^^
  129 |   name: string;
  130 |   email: string;
  131 |   service?: string;

Ecmascript file had an error @ http://localhost:3000/_next/static/chunks/node_modules_next_dist_0u_w_5s._.js:1945
[ 9629829ms] [ERROR] ./src/lib/actions.ts:128:16
the name `sendLeadNotification` is defined multiple times
  126 |  * submission — the lead is already persisted.
  127 |  */
> 128 | async function sendLeadNotification(lead: {
      |                ^^^^^^^^^^^^^^^^^^^^
  129 |   name: string;
  130 |   email: string;
  131 |   service?: string;

Ecmascript file had an error @ http://localhost:3000/_next/static/chunks/node_modules_next_dist_0u_w_5s._.js:1945
[ 9629895ms] [ERROR] ./src/lib/actions.ts:128:16
the name `sendLeadNotification` is defined multiple times
  126 |  * submission — the lead is already persisted.
  127 |  */
> 128 | async function sendLeadNotification(lead: {
      |                ^^^^^^^^^^^^^^^^^^^^
  129 |   name: string;
  130 |   email: string;
  131 |   service?: string;

Ecmascript file had an error @ http://localhost:3000/_next/static/chunks/node_modules_next_dist_0u_w_5s._.js:1945
[ 9629952ms] [ERROR] ./src/lib/actions.ts:128:16
the name `sendLeadNotification` is defined multiple times
  126 |  * submission — the lead is already persisted.
  127 |  */
> 128 | async function sendLeadNotification(lead: {
      |                ^^^^^^^^^^^^^^^^^^^^
  129 |   name: string;
  130 |   email: string;
  131 |   service?: string;

Ecmascript file had an error @ http://localhost:3000/_next/static/chunks/node_modules_next_dist_0u_w_5s._.js:1945
[ 9630015ms] [ERROR] ./src/lib/actions.ts:128:16
the name `sendLeadNotification` is defined multiple times
  126 |  * submission — the lead is already persisted.
  127 |  */
> 128 | async function sendLeadNotification(lead: {
      |                ^^^^^^^^^^^^^^^^^^^^
  129 |   name: string;
  130 |   email: string;
  131 |   service?: string;

Ecmascript file had an error @ http://localhost:3000/_next/static/chunks/node_modules_next_dist_0u_w_5s._.js:1945
[ 9630078ms] [ERROR] ./src/lib/actions.ts:128:16
the name `sendLeadNotification` is defined multiple times
  126 |  * submission — the lead is already persisted.
  127 |  */
> 128 | async function sendLeadNotification(lead: {
      |                ^^^^^^^^^^^^^^^^^^^^
  129 |   name: string;
  130 |   email: string;
  131 |   service?: string;

Ecmascript file had an error @ http://localhost:3000/_next/static/chunks/node_modules_next_dist_0u_w_5s._.js:1945
[ 9630164ms] [ERROR] ./src/lib/actions.ts:128:16
the name `sendLeadNotification` is defined multiple times
  126 |  * submission — the lead is already persisted.
  127 |  */
> 128 | async function sendLeadNotification(lead: {
      |                ^^^^^^^^^^^^^^^^^^^^
  129 |   name: string;
  130 |   email: string;
  131 |   service?: string;

Ecmascript file had an error @ http://localhost:3000/_next/static/chunks/node_modules_next_dist_0u_w_5s._.js:1945
[ 9630222ms] [ERROR] ./src/lib/actions.ts:128:16
the name `sendLeadNotification` is defined multiple times
  126 |  * submission — the lead is already persisted.
  127 |  */
> 128 | async function sendLeadNotification(lead: {
      |                ^^^^^^^^^^^^^^^^^^^^
  129 |   name: string;
  130 |   email: string;
  131 |   service?: string;

Ecmascript file had an error @ http://localhost:3000/_next/static/chunks/node_modules_next_dist_0u_w_5s._.js:1945
[ 9630310ms] [ERROR] ./src/lib/actions.ts:128:16
the name `sendLeadNotification` is defined multiple times
  126 |  * submission — the lead is already persisted.
  127 |  */
> 128 | async function sendLeadNotification(lead: {
      |                ^^^^^^^^^^^^^^^^^^^^
  129 |   name: string;
  130 |   email: string;
  131 |   service?: string;

Ecmascript file had an error @ http://localhost:3000/_next/static/chunks/node_modules_next_dist_0u_w_5s._.js:1945
[ 9630376ms] [ERROR] ./src/lib/actions.ts:128:16
the name `sendLeadNotification` is defined multiple times
  126 |  * submission — the lead is already persisted.
  127 |  */
> 128 | async function sendLeadNotification(lead: {
      |                ^^^^^^^^^^^^^^^^^^^^
  129 |   name: string;
  130 |   email: string;
  131 |   service?: string;

Ecmascript file had an error @ http://localhost:3000/_next/static/chunks/node_modules_next_dist_0u_w_5s._.js:1945
[ 9630437ms] [ERROR] ./src/lib/actions.ts:128:16
the name `sendLeadNotification` is defined multiple times
  126 |  * submission — the lead is already persisted.
  127 |  */
> 128 | async function sendLeadNotification(lead: {
      |                ^^^^^^^^^^^^^^^^^^^^
  129 |   name: string;
  130 |   email: string;
  131 |   service?: string;

Ecmascript file had an error @ http://localhost:3000/_next/static/chunks/node_modules_next_dist_0u_w_5s._.js:1945
[ 9630496ms] [ERROR] ./src/lib/actions.ts:128:16
the name `sendLeadNotification` is defined multiple times
  126 |  * submission — the lead is already persisted.
  127 |  */
> 128 | async function sendLeadNotification(lead: {
      |                ^^^^^^^^^^^^^^^^^^^^
  129 |   name: string;
  130 |   email: string;
  131 |   service?: string;

Ecmascript file had an error @ http://localhost:3000/_next/static/chunks/node_modules_next_dist_0u_w_5s._.js:1945
[ 9630558ms] [ERROR] ./src/lib/actions.ts:128:16
the name `sendLeadNotification` is defined multiple times
  126 |  * submission — the lead is already persisted.
  127 |  */
> 128 | async function sendLeadNotification(lead: {
      |                ^^^^^^^^^^^^^^^^^^^^
  129 |   name: string;
  130 |   email: string;
  131 |   service?: string;

Ecmascript file had an error @ http://localhost:3000/_next/static/chunks/node_modules_next_dist_0u_w_5s._.js:1945
[ 9630621ms] [ERROR] ./src/lib/actions.ts:128:16
the name `sendLeadNotification` is defined multiple times
  126 |  * submission — the lead is already persisted.
  127 |  */
> 128 | async function sendLeadNotification(lead: {
      |                ^^^^^^^^^^^^^^^^^^^^
  129 |   name: string;
  130 |   email: string;
  131 |   service?: string;

Ecmascript file had an error @ http://localhost:3000/_next/static/chunks/node_modules_next_dist_0u_w_5s._.js:1945
[ 9630686ms] [ERROR] ./src/lib/actions.ts:128:16
the name `sendLeadNotification` is defined multiple times
  126 |  * submission — the lead is already persisted.
  127 |  */
> 128 | async function sendLeadNotification(lead: {
      |                ^^^^^^^^^^^^^^^^^^^^
  129 |   name: string;
  130 |   email: string;
  131 |   service?: string;

Ecmascript file had an error @ http://localhost:3000/_next/static/chunks/node_modules_next_dist_0u_w_5s._.js:1945
[ 9630746ms] [ERROR] ./src/lib/actions.ts:128:16
the name `sendLeadNotification` is defined multiple times
  126 |  * submission — the lead is already persisted.
  127 |  */
> 128 | async function sendLeadNotification(lead: {
      |                ^^^^^^^^^^^^^^^^^^^^
  129 |   name: string;
  130 |   email: string;
  131 |   service?: string;

Ecmascript file had an error @ http://localhost:3000/_next/static/chunks/node_modules_next_dist_0u_w_5s._.js:1945
[ 9630909ms] [ERROR] ./src/lib/actions.ts:128:16
the name `sendLeadNotification` is defined multiple times
  126 |  * submission — the lead is already persisted.
  127 |  */
> 128 | async function sendLeadNotification(lead: {
      |                ^^^^^^^^^^^^^^^^^^^^
  129 |   name: string;
  130 |   email: string;
  131 |   service?: string;

Ecmascript file had an error @ http://localhost:3000/_next/static/chunks/node_modules_next_dist_0u_w_5s._.js:1945
[ 9630910ms] [LOG] [Fast Refresh] rebuilding @ http://localhost:3000/_next/static/chunks/node_modules_next_dist_0u_w_5s._.js:1226
[ 9630972ms] [ERROR] ./src/lib/actions.ts:128:16
the name `sendLeadNotification` is defined multiple times
  126 |  * submission — the lead is already persisted.
  127 |  */
> 128 | async function sendLeadNotification(lead: {
      |                ^^^^^^^^^^^^^^^^^^^^
  129 |   name: string;
  130 |   email: string;
  131 |   service?: string;

Ecmascript file had an error @ http://localhost:3000/_next/static/chunks/node_modules_next_dist_0u_w_5s._.js:1945
[ 9631033ms] [ERROR] ./src/lib/actions.ts:128:16
the name `sendLeadNotification` is defined multiple times
  126 |  * submission — the lead is already persisted.
  127 |  */
> 128 | async function sendLeadNotification(lead: {
      |                ^^^^^^^^^^^^^^^^^^^^
  129 |   name: string;
  130 |   email: string;
  131 |   service?: string;

Ecmascript file had an error @ http://localhost:3000/_next/static/chunks/node_modules_next_dist_0u_w_5s._.js:1945
[ 9631109ms] [ERROR] ./src/lib/actions.ts:128:16
the name `sendLeadNotification` is defined multiple times
  126 |  * submission — the lead is already persisted.
  127 |  */
> 128 | async function sendLeadNotification(lead: {
      |                ^^^^^^^^^^^^^^^^^^^^
  129 |   name: string;
  130 |   email: string;
  131 |   service?: string;

Ecmascript file had an error @ http://localhost:3000/_next/static/chunks/node_modules_next_dist_0u_w_5s._.js:1945
[ 9631178ms] [ERROR] ./src/lib/actions.ts:128:16
the name `sendLeadNotification` is defined multiple times
  126 |  * submission — the lead is already persisted.
  127 |  */
> 128 | async function sendLeadNotification(lead: {
      |                ^^^^^^^^^^^^^^^^^^^^
  129 |   name: string;
  130 |   email: string;
  131 |   service?: string;

Ecmascript file had an error @ http://localhost:3000/_next/static/chunks/node_modules_next_dist_0u_w_5s._.js:1945
[ 9631251ms] [ERROR] ./src/lib/actions.ts:128:16
the name `sendLeadNotification` is defined multiple times
  126 |  * submission — the lead is already persisted.
  127 |  */
> 128 | async function sendLeadNotification(lead: {
      |                ^^^^^^^^^^^^^^^^^^^^
  129 |   name: string;
  130 |   email: string;
  131 |   service?: string;

Ecmascript file had an error @ http://localhost:3000/_next/static/chunks/node_modules_next_dist_0u_w_5s._.js:1945
[ 9631306ms] [ERROR] ./src/lib/actions.ts:128:16
the name `sendLeadNotification` is defined multiple times
  126 |  * submission — the lead is already persisted.
  127 |  */
> 128 | async function sendLeadNotification(lead: {
      |                ^^^^^^^^^^^^^^^^^^^^
  129 |   name: string;
  130 |   email: string;
  131 |   service?: string;

Ecmascript file had an error @ http://localhost:3000/_next/static/chunks/node_modules_next_dist_0u_w_5s._.js:1945
[ 9631372ms] [ERROR] ./src/lib/actions.ts:128:16
the name `sendLeadNotification` is defined multiple times
  126 |  * submission — the lead is already persisted.
  127 |  */
> 128 | async function sendLeadNotification(lead: {
      |                ^^^^^^^^^^^^^^^^^^^^
  129 |   name: string;
  130 |   email: string;
  131 |   service?: string;

Ecmascript file had an error @ http://localhost:3000/_next/static/chunks/node_modules_next_dist_0u_w_5s._.js:1945
[ 9631430ms] [ERROR] ./src/lib/actions.ts:128:16
the name `sendLeadNotification` is defined multiple times
  126 |  * submission — the lead is already persisted.
  127 |  */
> 128 | async function sendLeadNotification(lead: {
      |                ^^^^^^^^^^^^^^^^^^^^
  129 |   name: string;
  130 |   email: string;
  131 |   service?: string;

Ecmascript file had an error @ http://localhost:3000/_next/static/chunks/node_modules_next_dist_0u_w_5s._.js:1945
[ 9631490ms] [ERROR] ./src/lib/actions.ts:128:16
the name `sendLeadNotification` is defined multiple times
  126 |  * submission — the lead is already persisted.
  127 |  */
> 128 | async function sendLeadNotification(lead: {
      |                ^^^^^^^^^^^^^^^^^^^^
  129 |   name: string;
  130 |   email: string;
  131 |   service?: string;

Ecmascript file had an error @ http://localhost:3000/_next/static/chunks/node_modules_next_dist_0u_w_5s._.js:1945
[ 9631581ms] [ERROR] ./src/lib/actions.ts:128:16
the name `sendLeadNotification` is defined multiple times
  126 |  * submission — the lead is already persisted.
  127 |  */
> 128 | async function sendLeadNotification(lead: {
      |                ^^^^^^^^^^^^^^^^^^^^
  129 |   name: string;
  130 |   email: string;
  131 |   service?: string;

Ecmascript file had an error @ http://localhost:3000/_next/static/chunks/node_modules_next_dist_0u_w_5s._.js:1945
[ 9631668ms] [ERROR] ./src/lib/actions.ts:128:16
the name `sendLeadNotification` is defined multiple times
  126 |  * submission — the lead is already persisted.
  127 |  */
> 128 | async function sendLeadNotification(lead: {
      |                ^^^^^^^^^^^^^^^^^^^^
  129 |   name: string;
  130 |   email: string;
  131 |   service?: string;

Ecmascript file had an error @ http://localhost:3000/_next/static/chunks/node_modules_next_dist_0u_w_5s._.js:1945
[ 9631738ms] [ERROR] ./src/lib/actions.ts:128:16
the name `sendLeadNotification` is defined multiple times
  126 |  * submission — the lead is already persisted.
  127 |  */
> 128 | async function sendLeadNotification(lead: {
      |                ^^^^^^^^^^^^^^^^^^^^
  129 |   name: string;
  130 |   email: string;
  131 |   service?: string;

Ecmascript file had an error @ http://localhost:3000/_next/static/chunks/node_modules_next_dist_0u_w_5s._.js:1945
[ 9631804ms] [ERROR] ./src/lib/actions.ts:128:16
the name `sendLeadNotification` is defined multiple times
  126 |  * submission — the lead is already persisted.
  127 |  */
> 128 | async function sendLeadNotification(lead: {
      |                ^^^^^^^^^^^^^^^^^^^^
  129 |   name: string;
  130 |   email: string;
  131 |   service?: string;

Ecmascript file had an error @ http://localhost:3000/_next/static/chunks/node_modules_next_dist_0u_w_5s._.js:1945
[ 9631870ms] [ERROR] ./src/lib/actions.ts:128:16
the name `sendLeadNotification` is defined multiple times
  126 |  * submission — the lead is already persisted.
  127 |  */
> 128 | async function sendLeadNotification(lead: {
      |                ^^^^^^^^^^^^^^^^^^^^
  129 |   name: string;
  130 |   email: string;
  131 |   service?: string;

Ecmascript file had an error @ http://localhost:3000/_next/static/chunks/node_modules_next_dist_0u_w_5s._.js:1945
[ 9631927ms] [ERROR] ./src/lib/actions.ts:128:16
the name `sendLeadNotification` is defined multiple times
  126 |  * submission — the lead is already persisted.
  127 |  */
> 128 | async function sendLeadNotification(lead: {
      |                ^^^^^^^^^^^^^^^^^^^^
  129 |   name: string;
  130 |   email: string;
  131 |   service?: string;

Ecmascript file had an error @ http://localhost:3000/_next/static/chunks/node_modules_next_dist_0u_w_5s._.js:1945
[ 9631990ms] [ERROR] ./src/lib/actions.ts:128:16
the name `sendLeadNotification` is defined multiple times
  126 |  * submission — the lead is already persisted.
  127 |  */
> 128 | async function sendLeadNotification(lead: {
      |                ^^^^^^^^^^^^^^^^^^^^
  129 |   name: string;
  130 |   email: string;
  131 |   service?: string;

Ecmascript file had an error @ http://localhost:3000/_next/static/chunks/node_modules_next_dist_0u_w_5s._.js:1945
[ 9632051ms] [ERROR] ./src/lib/actions.ts:128:16
the name `sendLeadNotification` is defined multiple times
  126 |  * submission — the lead is already persisted.
  127 |  */
> 128 | async function sendLeadNotification(lead: {
      |                ^^^^^^^^^^^^^^^^^^^^
  129 |   name: string;
  130 |   email: string;
  131 |   service?: string;

Ecmascript file had an error @ http://localhost:3000/_next/static/chunks/node_modules_next_dist_0u_w_5s._.js:1945
[ 9632178ms] [ERROR] ./src/lib/actions.ts:128:16
the name `sendLeadNotification` is defined multiple times
  126 |  * submission — the lead is already persisted.
  127 |  */
> 128 | async function sendLeadNotification(lead: {
      |                ^^^^^^^^^^^^^^^^^^^^
  129 |   name: string;
  130 |   email: string;
  131 |   service?: string;

Ecmascript file had an error @ http://localhost:3000/_next/static/chunks/node_modules_next_dist_0u_w_5s._.js:1945
[ 9632178ms] [LOG] [Fast Refresh] rebuilding @ http://localhost:3000/_next/static/chunks/node_modules_next_dist_0u_w_5s._.js:1226
[ 9632236ms] [ERROR] ./src/lib/actions.ts:128:16
the name `sendLeadNotification` is defined multiple times
  126 |  * submission — the lead is already persisted.
  127 |  */
> 128 | async function sendLeadNotification(lead: {
      |                ^^^^^^^^^^^^^^^^^^^^
  129 |   name: string;
  130 |   email: string;
  131 |   service?: string;

Ecmascript file had an error @ http://localhost:3000/_next/static/chunks/node_modules_next_dist_0u_w_5s._.js:1945
[ 9632299ms] [ERROR] ./src/lib/actions.ts:128:16
the name `sendLeadNotification` is defined multiple times
  126 |  * submission — the lead is already persisted.
  127 |  */
> 128 | async function sendLeadNotification(lead: {
      |                ^^^^^^^^^^^^^^^^^^^^
  129 |   name: string;
  130 |   email: string;
  131 |   service?: string;

Ecmascript file had an error @ http://localhost:3000/_next/static/chunks/node_modules_next_dist_0u_w_5s._.js:1945
[ 9632366ms] [ERROR] ./src/lib/actions.ts:128:16
the name `sendLeadNotification` is defined multiple times
  126 |  * submission — the lead is already persisted.
  127 |  */
> 128 | async function sendLeadNotification(lead: {
      |                ^^^^^^^^^^^^^^^^^^^^
  129 |   name: string;
  130 |   email: string;
  131 |   service?: string;

Ecmascript file had an error @ http://localhost:3000/_next/static/chunks/node_modules_next_dist_0u_w_5s._.js:1945
[ 9632422ms] [ERROR] ./src/lib/actions.ts:128:16
the name `sendLeadNotification` is defined multiple times
  126 |  * submission — the lead is already persisted.
  127 |  */
> 128 | async function sendLeadNotification(lead: {
      |                ^^^^^^^^^^^^^^^^^^^^
  129 |   name: string;
  130 |   email: string;
  131 |   service?: string;

Ecmascript file had an error @ http://localhost:3000/_next/static/chunks/node_modules_next_dist_0u_w_5s._.js:1945
[ 9632490ms] [ERROR] ./src/lib/actions.ts:128:16
the name `sendLeadNotification` is defined multiple times
  126 |  * submission — the lead is already persisted.
  127 |  */
> 128 | async function sendLeadNotification(lead: {
      |                ^^^^^^^^^^^^^^^^^^^^
  129 |   name: string;
  130 |   email: string;
  131 |   service?: string;

Ecmascript file had an error @ http://localhost:3000/_next/static/chunks/node_modules_next_dist_0u_w_5s._.js:1945
[ 9632547ms] [ERROR] ./src/lib/actions.ts:128:16
the name `sendLeadNotification` is defined multiple times
  126 |  * submission — the lead is already persisted.
  127 |  */
> 128 | async function sendLeadNotification(lead: {
      |                ^^^^^^^^^^^^^^^^^^^^
  129 |   name: string;
  130 |   email: string;
  131 |   service?: string;

Ecmascript file had an error @ http://localhost:3000/_next/static/chunks/node_modules_next_dist_0u_w_5s._.js:1945
[ 9632610ms] [ERROR] ./src/lib/actions.ts:128:16
the name `sendLeadNotification` is defined multiple times
  126 |  * submission — the lead is already persisted.
  127 |  */
> 128 | async function sendLeadNotification(lead: {
      |                ^^^^^^^^^^^^^^^^^^^^
  129 |   name: string;
  130 |   email: string;
  131 |   service?: string;

Ecmascript file had an error @ http://localhost:3000/_next/static/chunks/node_modules_next_dist_0u_w_5s._.js:1945
[ 9632674ms] [ERROR] ./src/lib/actions.ts:128:16
the name `sendLeadNotification` is defined multiple times
  126 |  * submission — the lead is already persisted.
  127 |  */
> 128 | async function sendLeadNotification(lead: {
      |                ^^^^^^^^^^^^^^^^^^^^
  129 |   name: string;
  130 |   email: string;
  131 |   service?: string;

Ecmascript file had an error @ http://localhost:3000/_next/static/chunks/node_modules_next_dist_0u_w_5s._.js:1945
[ 9632738ms] [ERROR] ./src/lib/actions.ts:128:16
the name `sendLeadNotification` is defined multiple times
  126 |  * submission — the lead is already persisted.
  127 |  */
> 128 | async function sendLeadNotification(lead: {
      |                ^^^^^^^^^^^^^^^^^^^^
  129 |   name: string;
  130 |   email: string;
  131 |   service?: string;

Ecmascript file had an error @ http://localhost:3000/_next/static/chunks/node_modules_next_dist_0u_w_5s._.js:1945
[ 9632948ms] [ERROR] ./src/lib/actions.ts:128:16
the name `sendLeadNotification` is defined multiple times
  126 |  * submission — the lead is already persisted.
  127 |  */
> 128 | async function sendLeadNotification(lead: {
      |                ^^^^^^^^^^^^^^^^^^^^
  129 |   name: string;
  130 |   email: string;
  131 |   service?: string;

Ecmascript file had an error @ http://localhost:3000/_next/static/chunks/node_modules_next_dist_0u_w_5s._.js:1945
[ 9633049ms] [LOG] [Fast Refresh] rebuilding @ http://localhost:3000/_next/static/chunks/node_modules_next_dist_0u_w_5s._.js:1226
[ 9633056ms] [LOG] [Fast Refresh] done in 52ms @ http://localhost:3000/_next/static/chunks/node_modules_next_dist_0u_w_5s._.js:1226
[ 9633183ms] [LOG] [Fast Refresh] rebuilding @ http://localhost:3000/_next/static/chunks/node_modules_next_dist_0u_w_5s._.js:1226
[ 9633499ms] [LOG] [Fast Refresh] done in 425ms @ http://localhost:3000/_next/static/chunks/node_modules_next_dist_0u_w_5s._.js:1226
[ 9634804ms] [INFO] %cDownload the React DevTools for a better development experience: https://react.dev/link/react-devtools font-weight:bold @ http://localhost:3000/_next/static/chunks/node_modules_next_dist_115brz8._.js:2477
[ 9634890ms] [LOG] [HMR] connected @ http://localhost:3000/_next/static/chunks/node_modules_next_dist_115brz8._.js:2477
[ 9636712ms] [WARNING] Please ensure that the container has a non-static position, like 'relative', 'fixed', or 'absolute' to ensure scroll offset is calculated correctly. @ http://localhost:3000/_next/static/chunks/node_modules_next_dist_115brz8._.js:2477
[10025345ms] [LOG] [Fast Refresh] rebuilding @ http://localhost:3000/_next/static/chunks/node_modules_next_dist_115brz8._.js:2477
[10026822ms] [LOG] [Fast Refresh] done in 1474ms @ http://localhost:3000/_next/static/chunks/node_modules_next_dist_115brz8._.js:2477
[10026934ms] [LOG] [Fast Refresh] rebuilding @ http://localhost:3000/_next/static/chunks/node_modules_next_dist_115brz8._.js:2477
[10027030ms] [LOG] [Fast Refresh] done in 200ms @ http://localhost:3000/_next/static/chunks/node_modules_next_dist_115brz8._.js:2477
[10027560ms] [LOG] [Fast Refresh] rebuilding @ http://localhost:3000/_next/static/chunks/node_modules_next_dist_115brz8._.js:2477
[10027636ms] [LOG] [Fast Refresh] done in 178ms @ http://localhost:3000/_next/static/chunks/node_modules_next_dist_115brz8._.js:2477
[10028283ms] [LOG] [Fast Refresh] rebuilding @ http://localhost:3000/_next/static/chunks/node_modules_next_dist_115brz8._.js:2477
[10028283ms] [LOG] [Fast Refresh] done in 110ms @ http://localhost:3000/_next/static/chunks/node_modules_next_dist_115brz8._.js:2477
[10037536ms] [LOG] [Fast Refresh] rebuilding @ http://localhost:3000/_next/static/chunks/node_modules_next_dist_115brz8._.js:2477
[10038936ms] [LOG] [Fast Refresh] done in 1301ms @ http://localhost:3000/_next/static/chunks/node_modules_next_dist_115brz8._.js:2477
[10039104ms] [LOG] [Fast Refresh] rebuilding @ http://localhost:3000/_next/static/chunks/node_modules_next_dist_115brz8._.js:2477
[10039105ms] [LOG] [Fast Refresh] done in 160ms @ http://localhost:3000/_next/static/chunks/node_modules_next_dist_115brz8._.js:2477
[10039228ms] [LOG] [Fast Refresh] rebuilding @ http://localhost:3000/_next/static/chunks/node_modules_next_dist_115brz8._.js:2477
[10039306ms] [LOG] [Fast Refresh] done in 198ms @ http://localhost:3000/_next/static/chunks/node_modules_next_dist_115brz8._.js:2477
[10039429ms] [LOG] [Fast Refresh] rebuilding @ http://localhost:3000/_next/static/chunks/node_modules_next_dist_115brz8._.js:2477
[10041033ms] [LOG] [Fast Refresh] done in 1711ms @ http://localhost:3000/_next/static/chunks/node_modules_next_dist_115brz8._.js:2477
[10042859ms] [LOG] [Fast Refresh] rebuilding @ http://localhost:3000/_next/static/chunks/node_modules_next_dist_115brz8._.js:2477
[10042865ms] [LOG] [Fast Refresh] done in 1269ms @ http://localhost:3000/_next/static/chunks/node_modules_next_dist_115brz8._.js:2477
[10042978ms] [LOG] [Fast Refresh] rebuilding @ http://localhost:3000/_next/static/chunks/node_modules_next_dist_115brz8._.js:2477
[10042998ms] [LOG] [Fast Refresh] done in 129ms @ http://localhost:3000/_next/static/chunks/node_modules_next_dist_115brz8._.js:2477
[10043100ms] [LOG] [Fast Refresh] rebuilding @ http://localhost:3000/_next/static/chunks/node_modules_next_dist_115brz8._.js:2477
[10043448ms] [LOG] [Fast Refresh] done in 449ms @ http://localhost:3000/_next/static/chunks/node_modules_next_dist_115brz8._.js:2477
[10043552ms] [LOG] [Fast Refresh] rebuilding @ http://localhost:3000/_next/static/chunks/node_modules_next_dist_115brz8._.js:2477
[10043555ms] [LOG] [Fast Refresh] done in 107ms @ http://localhost:3000/_next/static/chunks/node_modules_next_dist_115brz8._.js:2477
[10043741ms] [LOG] [Fast Refresh] rebuilding @ http://localhost:3000/_next/static/chunks/node_modules_next_dist_115brz8._.js:2477
[10044238ms] [LOG] [Fast Refresh] done in 612ms @ http://localhost:3000/_next/static/chunks/node_modules_next_dist_115brz8._.js:2477
[10286448ms] [LOG] [Fast Refresh] rebuilding @ http://localhost:3000/_next/static/chunks/node_modules_next_dist_115brz8._.js:2477
[10286501ms] [LOG] [Fast Refresh] done in 141ms @ http://localhost:3000/_next/static/chunks/node_modules_next_dist_115brz8._.js:2477
[10286633ms] [LOG] [Fast Refresh] rebuilding @ http://localhost:3000/_next/static/chunks/node_modules_next_dist_115brz8._.js:2477
[10287163ms] [LOG] [Fast Refresh] done in 644ms @ http://localhost:3000/_next/static/chunks/node_modules_next_dist_115brz8._.js:2477
[10289617ms] [LOG] [Fast Refresh] rebuilding @ http://localhost:3000/_next/static/chunks/node_modules_next_dist_115brz8._.js:2477
[10289793ms] [LOG] [Fast Refresh] done in 189ms @ http://localhost:3000/_next/static/chunks/node_modules_next_dist_115brz8._.js:2477
[10289897ms] [LOG] [Fast Refresh] rebuilding @ http://localhost:3000/_next/static/chunks/node_modules_next_dist_115brz8._.js:2477
[10290137ms] [LOG] [Fast Refresh] done in 344ms @ http://localhost:3000/_next/static/chunks/node_modules_next_dist_115brz8._.js:2477
[10303295ms] [LOG] [Fast Refresh] rebuilding @ http://localhost:3000/_next/static/chunks/node_modules_next_dist_115brz8._.js:2477
[10303337ms] [LOG] [Fast Refresh] done in 41ms @ http://localhost:3000/_next/static/chunks/node_modules_next_dist_115brz8._.js:2477
[10303474ms] [LOG] [Fast Refresh] rebuilding @ http://localhost:3000/_next/static/chunks/node_modules_next_dist_115brz8._.js:2477
[10303483ms] [LOG] [Fast Refresh] done in 144ms @ http://localhost:3000/_next/static/chunks/node_modules_next_dist_115brz8._.js:2477
[10312295ms] [LOG] [Fast Refresh] rebuilding @ http://localhost:3000/_next/static/chunks/node_modules_next_dist_115brz8._.js:2477
[10312340ms] [LOG] [Fast Refresh] done in 120ms @ http://localhost:3000/_next/static/chunks/node_modules_next_dist_115brz8._.js:2477
[10312477ms] [LOG] [Fast Refresh] rebuilding @ http://localhost:3000/_next/static/chunks/node_modules_next_dist_115brz8._.js:2477
[10312657ms] [LOG] [Fast Refresh] done in 292ms @ http://localhost:3000/_next/static/chunks/node_modules_next_dist_115brz8._.js:2477
[10314368ms] [LOG] [Fast Refresh] rebuilding @ http://localhost:3000/_next/static/chunks/node_modules_next_dist_115brz8._.js:2477
[10314425ms] [LOG] [Fast Refresh] done in 92ms @ http://localhost:3000/_next/static/chunks/node_modules_next_dist_115brz8._.js:2477
[10314547ms] [LOG] [Fast Refresh] rebuilding @ http://localhost:3000/_next/static/chunks/node_modules_next_dist_115brz8._.js:2477
[10315250ms] [LOG] [Fast Refresh] done in 823ms @ http://localhost:3000/_next/static/chunks/node_modules_next_dist_115brz8._.js:2477
[10329864ms] [LOG] [Fast Refresh] rebuilding @ http://localhost:3000/_next/static/chunks/node_modules_next_dist_115brz8._.js:2477
[10329915ms] [LOG] [Fast Refresh] done in 111ms @ http://localhost:3000/_next/static/chunks/node_modules_next_dist_115brz8._.js:2477
[10330024ms] [LOG] [Fast Refresh] rebuilding @ http://localhost:3000/_next/static/chunks/node_modules_next_dist_115brz8._.js:2477
[10330154ms] [LOG] [Fast Refresh] done in 232ms @ http://localhost:3000/_next/static/chunks/node_modules_next_dist_115brz8._.js:2477
[10335185ms] [LOG] [Fast Refresh] rebuilding @ http://localhost:3000/_next/static/chunks/node_modules_next_dist_115brz8._.js:2477
[10335734ms] [LOG] [Fast Refresh] done in 655ms @ http://localhost:3000/_next/static/chunks/node_modules_next_dist_115brz8._.js:2477
[10335836ms] [LOG] [Fast Refresh] rebuilding @ http://localhost:3000/_next/static/chunks/node_modules_next_dist_115brz8._.js:2477
[10335864ms] [LOG] [Fast Refresh] done in 130ms @ http://localhost:3000/_next/static/chunks/node_modules_next_dist_115brz8._.js:2477
[10335978ms] [LOG] [Fast Refresh] rebuilding @ http://localhost:3000/_next/static/chunks/node_modules_next_dist_115brz8._.js:2477
[10336196ms] [LOG] [Fast Refresh] done in 331ms @ http://localhost:3000/_next/static/chunks/node_modules_next_dist_115brz8._.js:2477
[10336364ms] [LOG] [Fast Refresh] rebuilding @ http://localhost:3000/_next/static/chunks/node_modules_next_dist_115brz8._.js:2477
[10336430ms] [LOG] [Fast Refresh] done in 170ms @ http://localhost:3000/_next/static/chunks/node_modules_next_dist_115brz8._.js:2477
[10337376ms] [LOG] [Fast Refresh] rebuilding @ http://localhost:3000/_next/static/chunks/node_modules_next_dist_115brz8._.js:2477
[10337615ms] [LOG] [Fast Refresh] done in 343ms @ http://localhost:3000/_next/static/chunks/node_modules_next_dist_115brz8._.js:2477
[10338323ms] [INFO] %cDownload the React DevTools for a better development experience: https://react.dev/link/react-devtools font-weight:bold @ http://localhost:3000/_next/static/chunks/node_modules_next_dist_115brz8._.js:2477
[10338468ms] [LOG] [HMR] connected @ http://localhost:3000/_next/static/chunks/node_modules_next_dist_115brz8._.js:2477
[10338597ms] [LOG] [Fast Refresh] rebuilding @ http://localhost:3000/_next/static/chunks/node_modules_next_dist_115brz8._.js:2477
[10338709ms] [LOG] [Fast Refresh] done in 214ms @ http://localhost:3000/_next/static/chunks/node_modules_next_dist_115brz8._.js:2477
[10338933ms] [LOG] [Fast Refresh] rebuilding @ http://localhost:3000/_next/static/chunks/node_modules_next_dist_115brz8._.js:2477
[10339032ms] [LOG] [Fast Refresh] done in 201ms @ http://localhost:3000/_next/static/chunks/node_modules_next_dist_115brz8._.js:2477
[10339154ms] [LOG] [Fast Refresh] rebuilding @ http://localhost:3000/_next/static/chunks/node_modules_next_dist_115brz8._.js:2477
[10339228ms] [LOG] [Fast Refresh] done in 176ms @ http://localhost:3000/_next/static/chunks/node_modules_next_dist_115brz8._.js:2477
[10340857ms] [WARNING] Please ensure that the container has a non-static position, like 'relative', 'fixed', or 'absolute' to ensure scroll offset is calculated correctly. @ http://localhost:3000/_next/static/chunks/node_modules_next_dist_115brz8._.js:2477
[10348085ms] [LOG] [Fast Refresh] rebuilding @ http://localhost:3000/_next/static/chunks/node_modules_next_dist_115brz8._.js:2477
[10348167ms] [LOG] [Fast Refresh] done in 197ms @ http://localhost:3000/_next/static/chunks/node_modules_next_dist_115brz8._.js:2477
[10348280ms] [LOG] [Fast Refresh] rebuilding @ http://localhost:3000/_next/static/chunks/node_modules_next_dist_115brz8._.js:2477
[10348656ms] [LOG] [Fast Refresh] done in 486ms @ http://localhost:3000/_next/static/chunks/node_modules_next_dist_115brz8._.js:2477
[10348910ms] [LOG] [Fast Refresh] rebuilding @ http://localhost:3000/_next/static/chunks/node_modules_next_dist_115brz8._.js:2477
[10348922ms] [LOG] [Fast Refresh] done in 213ms @ http://localhost:3000/_next/static/chunks/node_modules_next_dist_115brz8._.js:2477
[10370391ms] [LOG] [Fast Refresh] rebuilding @ http://localhost:3000/_next/static/chunks/node_modules_next_dist_115brz8._.js:2477
[10370457ms] [LOG] [Fast Refresh] done in 186ms @ http://localhost:3000/_next/static/chunks/node_modules_next_dist_115brz8._.js:2477
[10370585ms] [LOG] [Fast Refresh] rebuilding @ http://localhost:3000/_next/static/chunks/node_modules_next_dist_115brz8._.js:2477
[10370654ms] [LOG] [Fast Refresh] done in 175ms @ http://localhost:3000/_next/static/chunks/node_modules_next_dist_115brz8._.js:2477
[10553047ms] [LOG] [Fast Refresh] rebuilding @ http://localhost:3000/_next/static/chunks/node_modules_next_dist_115brz8._.js:2477
[10553059ms] [LOG] [Fast Refresh] done in 87ms @ http://localhost:3000/_next/static/chunks/node_modules_next_dist_115brz8._.js:2477
[10553209ms] [LOG] [Fast Refresh] rebuilding @ http://localhost:3000/_next/static/chunks/node_modules_next_dist_115brz8._.js:2477
[10553250ms] [LOG] [Fast Refresh] done in 142ms @ http://localhost:3000/_next/static/chunks/node_modules_next_dist_115brz8._.js:2477
[10553393ms] [LOG] [Fast Refresh] rebuilding @ http://localhost:3000/_next/static/chunks/node_modules_next_dist_115brz8._.js:2477
[10553399ms] [LOG] [Fast Refresh] done in 149ms @ http://localhost:3000/_next/static/chunks/node_modules_next_dist_115brz8._.js:2477
[10735319ms] [ERROR] WebSocket connection to 'ws://localhost:3000/_next/webpack-hmr?id=BmaTE2Alf6rFmDeXdJRjd' failed: Error in connection establishment: net::ERR_CONNECTION_REFUSED @ http://localhost:3000/_next/static/chunks/node_modules_next_dist_client_0fhqo1d._.js:13322
[10738698ms] [ERROR] WebSocket connection to 'ws://localhost:3000/_next/webpack-hmr?id=BmaTE2Alf6rFmDeXdJRjd' failed: Error in connection establishment: net::ERR_CONNECTION_REFUSED @ http://localhost:3000/_next/static/chunks/node_modules_next_dist_client_0fhqo1d._.js:13322
[10742066ms] [ERROR] WebSocket connection to 'ws://localhost:3000/_next/webpack-hmr?id=BmaTE2Alf6rFmDeXdJRjd' failed: Error in connection establishment: net::ERR_CONNECTION_REFUSED @ http://localhost:3000/_next/static/chunks/node_modules_next_dist_client_0fhqo1d._.js:13322
[10745444ms] [ERROR] WebSocket connection to 'ws://localhost:3000/_next/webpack-hmr?id=BmaTE2Alf6rFmDeXdJRjd' failed: Error in connection establishment: net::ERR_CONNECTION_REFUSED @ http://localhost:3000/_next/static/chunks/node_modules_next_dist_client_0fhqo1d._.js:13322
[10748816ms] [ERROR] WebSocket connection to 'ws://localhost:3000/_next/webpack-hmr?id=BmaTE2Alf6rFmDeXdJRjd' failed: Error in connection establishment: net::ERR_CONNECTION_REFUSED @ http://localhost:3000/_next/static/chunks/node_modules_next_dist_client_0fhqo1d._.js:13322
[10756202ms] [ERROR] WebSocket connection to 'ws://localhost:3000/_next/webpack-hmr?id=BmaTE2Alf6rFmDeXdJRjd' failed: Error in connection establishment: net::ERR_CONNECTION_REFUSED @ http://localhost:3000/_next/static/chunks/node_modules_next_dist_client_0fhqo1d._.js:13322
[10763668ms] [ERROR] WebSocket connection to 'ws://localhost:3000/_next/webpack-hmr?id=BmaTE2Alf6rFmDeXdJRjd' failed: Error in connection establishment: net::ERR_CONNECTION_REFUSED @ http://localhost:3000/_next/static/chunks/node_modules_next_dist_client_0fhqo1d._.js:13322
[10771061ms] [ERROR] WebSocket connection to 'ws://localhost:3000/_next/webpack-hmr?id=BmaTE2Alf6rFmDeXdJRjd' failed: Error in connection establishment: net::ERR_CONNECTION_REFUSED @ http://localhost:3000/_next/static/chunks/node_modules_next_dist_client_0fhqo1d._.js:13322
[10778594ms] [ERROR] WebSocket connection to 'ws://localhost:3000/_next/webpack-hmr?id=BmaTE2Alf6rFmDeXdJRjd' failed: Error in connection establishment: net::ERR_CONNECTION_REFUSED @ http://localhost:3000/_next/static/chunks/node_modules_next_dist_client_0fhqo1d._.js:13322
[10786487ms] [ERROR] WebSocket connection to 'ws://localhost:3000/_next/webpack-hmr?id=BmaTE2Alf6rFmDeXdJRjd' failed: Error in connection establishment: net::ERR_CONNECTION_REFUSED @ http://localhost:3000/_next/static/chunks/node_modules_next_dist_client_0fhqo1d._.js:13322
[10795031ms] [ERROR] WebSocket connection to 'ws://localhost:3000/_next/webpack-hmr?id=BmaTE2Alf6rFmDeXdJRjd' failed: Error in connection establishment: net::ERR_CONNECTION_REFUSED @ http://localhost:3000/_next/static/chunks/node_modules_next_dist_client_0fhqo1d._.js:13322
[10802464ms] [ERROR] WebSocket connection to 'ws://localhost:3000/_next/webpack-hmr?id=BmaTE2Alf6rFmDeXdJRjd' failed: Error in connection establishment: net::ERR_CONNECTION_REFUSED @ http://localhost:3000/_next/static/chunks/node_modules_next_dist_client_0fhqo1d._.js:13322
